Relação de Extrato de Contrato;;;;;;;;;;;;;;
Orgão;Modalidade;Número Licitação;Número Processo;Evento;Objeto;Data Publicação Extrato;Fornecedor;Fornecedor Tipo;Data Assinatura Extrato;Validade Extrato;Tipo Validade Extrato;Valor Contrato;Número Contrato;Situação da licitação
FAZENDA;PREGÃO ELETRÔNICO;12013;2012-0.253.962-5    ;EXTRATO DE ADITAMENTO;Contratação de prestação de serviços de auditoria do processo adotado pela Secretaria Municipal de Finanças para a realização dos sorteios eletrônicos previstos na implantação do Programa de Sorteios da Nota Fiscal Paulistana.;18/03/2017;MACIEL & AUDITORES INDEPENDENTES S/S - ME;PJ;10/03/2017;12;Meses;R$65.697,12;30/2013;Ata no diário
FAZENDA;PREGÃO ELETRÔNICO;12013;2012-0.253.962-5    ;EXTRATO DE ADITAMENTO;Contratação de prestação de serviços de auditoria do processo adotado pela Secretaria Municipal de Finanças para a realização dos sorteios eletrônicos previstos na implantação do Programa de Sorteios da Nota Fiscal Paulistana.;29/09/2017;MACIEL & AUDITORES INDEPENDENTES S/S - ME;PJ;28/09/2017;12;Meses;R$65.697,12;mar/13;Ata no diário
FAZENDA;PREGÃO ELETRÔNICO;12014;2013-0.240.914-6    ;EXTRATO DE ADITAMENTO;Contratação de empresa especializada para prestação de serviços de locação de 5 (cinco) veículos do grupo “B”, conforme Decreto nº 29.431/1990, sem motorista, com fornecimento de combustível e de quilometragem livre, para atender as necessidades da Secretaria Municipal de Finanças e Desenvolvimento Econômico, conforme termo de referência descrito no Anexo I do Edital SF/CPL 01/2014.;24/08/2016;G6 MULTISSERVIÇOS DE LOCAÇÃO E TRANSPORTE LTDA;PJ;09/06/2016;12;Meses;R$50.901,30;TC 03/2014;Pregão abandonado
FAZENDA;PREGÃO ELETRÔNICO;12014;2013-0.240.914-6    ;EXTRATO DE ADITAMENTO;Contratação de empresa especializada para prestação de serviços de locação de 5 (cinco) veículos do grupo “B”, conforme Decreto nº 29.431/1990, sem motorista, com fornecimento de combustível e de quilometragem livre, para atender as necessidades da Secretaria Municipal de Finanças e Desenvolvimento Econômico, conforme termo de referência descrito no Anexo I do Edital SF/CPL 01/2014.;12/10/2016;G6 – MULTISERVIÇOS DE LOC. E TRANSP. LTDA - EPP;PJ;06/09/2016;8;Meses;R$33.934,48;mar/14;Pregão abandonado
FAZENDA;PREGÃO ELETRÔNICO;12018;6017.2017/0047903-1 ;EXTRATO DE CONTRATO / NOTA DE EMPENHO;Aquisição de licenças de software Microsoft RDS CAL (Remote Desktop Service Client Access Licence) para permitir conexões remotas ao ambiente Windows Server da Secretaria Municipal da Fazenda.;16/05/2018;CAYMAN DO BRASIL INFORMATICA EIRELI - ME;PJ;08/05/2018;12;Meses;R$153.300,00;jul/18;Pregão abandonado
FAZENDA;PREGÃO ELETRÔNICO;22017;6017.2016/0029416-1 ;EXTRATO DE CONTRATO / NOTA DE EMPENHO;Aquisição e instalação de 09 (nove) fornos de micro-ondas, 08 (oito) TVs 40” e 04 (quatro) fogões elétricos para a Secretaria Municipal da Fazenda.;04/04/2017;RF TEIXEIRA EIRELI – ME;PJ;29/03/2017;12;Meses;R$22.600,00;mai/17;Pregão abandonado
FAZENDA;PREGÃO ELETRÔNICO;32015;2014-0.211.811-9    ;EXTRATO DE ADITAMENTO;Contratação de serviços de manutenção preventiva e corretiva em 04 (quatro) scanners, instalados na Divisão do Cadastro de Contribuintes Mobiliários – SF/SUREM/DICAD, da Secretaria Municipal de Finanças e Desenvolvimento Econômico, conforme especificações contidas no Anexo I do Edital.;31/05/2017;REPROGRAF COMERCIAL LTDA;PJ;25/05/2017;12;Meses;R$21.355,68;dez/15;Ata no diário
FAZENDA;PREGÃO ELETRÔNICO;32015;2014-0.211.811-9    ;EXTRATO DE ADITAMENTO;Contratação de serviços de manutenção preventiva e corretiva em 04 (quatro) scanners, instalados na Divisão do Cadastro de Contribuintes Mobiliários – SF/SUREM/DICAD, da Secretaria Municipal de Finanças e Desenvolvimento Econômico, conforme especificações contidas no Anexo I do Edital.;25/05/2018;REPROGRAF COMERCIAL LTDA;PJ;22/05/2018;12;Meses;R$14.237,04;dez/15;Ata no diário
FAZENDA;PREGÃO ELETRÔNICO;32016;6017.2015/0003498-2 ;EXTRATO DE CONTRATO / NOTA DE EMPENHO;Contratação de empresa especializada para prestação de serviços de suporte ao usuário, redes e infraestrutura de Tecnologia da Informação (TI) da Secretaria Municipal de Finanças e Desenvolvimento Econômico da Prefeitura de São Paulo.;31/05/2016;EWAVE DO BRASIL INFORMÁTICA LTDA;PJ;25/05/2016;24;Meses;R$3.839.062,50;13/2016;OK
FAZENDA;PREGÃO ELETRÔNICO;32016;6017.2015/0003498-2 ;EXTRATO DE ADITAMENTO;Contratação de empresa especializada para prestação de serviços de suporte ao usuário, redes e infraestrutura de Tecnologia da Informação (TI) da Secretaria Municipal de Finanças e Desenvolvimento Econômico da Prefeitura de São Paulo.;15/09/2017;EWAVE DO BRASIL INFORMATICA LTDA;PJ;31/08/2017;12;Meses;R$3.263.203,13;TC 13/2016;Ata no diário
FAZENDA;PREGÃO ELETRÔNICO;32016;6017.2015/0003498-2 ;EXTRATO DE ADITAMENTO;Contratação de empresa especializada para prestação de serviços de suporte ao usuário, redes e infraestrutura de Tecnologia da Informação (TI) da Secretaria Municipal de Finanças e Desenvolvimento Econômico da Prefeitura de São Paulo.;30/05/2018;EWAVE DO BRASIL INFORMATICA LTDA;PJ;24/05/2018;90;Dias;R$768.124,00;13/2016;Ata no diário
FAZENDA;PREGÃO ELETRÔNICO;32017;6017.2016/0030988-6 ;EXTRATO DE CONTRATO / NOTA DE EMPENHO;Contratação de empresa especializada para fornecimento de 1368 (um mil, trezentos e sessenta e oito) suportes de CPU para atender o novo Edifício da Secretaria Municipal da Fazenda do Município de São Paulo – SF, conforme especificações constantes do Termo de Referência do Edital SF/CPL nº 03/2017.;01/04/2017;BELLINEA INDUSTRIA E COMERCIO DE MÓVEIS LTDA - EPP;PJ;29/03/2017;12;Meses;R$47.072,88;jul/17;Pregão abandonado
FAZENDA;PREGÃO ELETRÔNICO;32018;6017.2018/0000904-5 ;EXTRATO DE CONTRATO / NOTA DE EMPENHO;Contratação de empresa especializada na prestação de serviços de auditoria do processo adotado pela Secretaria Municipal da Fazenda para a realização dos sorteios de prêmios previstos no Programa “Sua Nota Vale 1 Milhão”;15/03/2018;MACIEL AUDITORES S/S;PJ;07/03/2018;12;Meses;R$60.000,00;mai/18;Pregão abandonado
FAZENDA;PREGÃO ELETRÔNICO;42013;2012-0.293.248-3    ;EXTRATO DE ADITAMENTO;Prestação de serviço de manutenção preventiva e corretiva mensal, com inclusão de peças, inclusive compressores e mini-bombas para dreno (quando houver), em 36 (trinta e seis) aparelhos de ar condicionado da Secretaria Municipal de Finanças e Desenvolvimento Econômico.;14/04/2017;Luiz Gessivaldo de Jesus Silva - ME;PJ;10/04/2017;12;Meses;R$59.968,56;ago/13;Ata no diário
FAZENDA;PREGÃO ELETRÔNICO;42013;2012-0.293.248-3    ;EXTRATO DE ADITAMENTO;Prestação de serviço de manutenção preventiva e corretiva mensal, com inclusão de peças, inclusive compressores e mini-bombas para dreno (quando houver), em 36 (trinta e seis) aparelhos de ar condicionado da Secretaria Municipal de Finanças e Desenvolvimento Econômico.;12/09/2017;LUIZ GESSIVALDO DE JESUS SILVA-ME;PJ;06/09/2017;12;Meses;R$62.368,56;ago/13;Ata no diário
FAZENDA;PREGÃO ELETRÔNICO;42018;6017.2017/0040131-8 ;EXTRATO DE CONTRATO / NOTA DE EMPENHO;Contratação de empresa especializada na prestação de serviços continuados de brigada de incêndio, com fornecimento de material/equipamentos e mão de obra para atender às necessidades da Secretaria de Fazenda - SF, localizada na Rua Líbero Badaró, 190 – Edifício Othon.;19/07/2018;ULRIK COMÉRCIO E SERVIÇOS EIRELI EPP;PJ;06/07/2018;12;Meses;R$181.038,36;out/18;Pregão abandonado
FAZENDA;PREGÃO ELETRÔNICO;52013;2012-0.351.672-6    ;EXTRATO DE ADITAMENTO;Contratação de empresa especializada em prestação de serviço de transporte com veículos, incluindo motorista e combustível, de quilometragem livre, conforme Anexo I do Edital SF/CPL 05/2013.;23/07/2016;SP LOCSERV LOC. VEICULOS E SERV. GERAIS LTDA EPP;PJ;18/07/2016;12;Dias;R$271.572,00;30/2013;Ata inexistente
FAZENDA;PREGÃO ELETRÔNICO;52013;2012-0.351.672-6    ;EXTRATO DE ADITAMENTO;Contratação de empresa especializada em prestação de serviço de transporte com veículos, incluindo motorista e combustível, de quilometragem livre, conforme Anexo I do Edital SF/CPL 05/2013.;19/10/2016;SP LOCSERV LOC. DE VEIC. E SERV. GERAIS LTDA - EPP;PJ;16/09/2016;12;Meses;R$167.904,00;30/2013;Ata inexistente
FAZENDA;PREGÃO ELETRÔNICO;52013;2012-0.351.672-6    ;EXTRATO DE ADITAMENTO;Contratação de empresa especializada em prestação de serviço de transporte com veículos, incluindo motorista e combustível, de quilometragem livre, conforme Anexo I do Edital SF/CPL 05/2013.;28/09/2017;SP LOCSERV;PJ;15/09/2017;90;Dias;R$27.984,00;TC 30/2013;Ata inexistente
FAZENDA;PREGÃO ELETRÔNICO;52016;2014-0.356.295-0    ;EXTRATO DE CONTRATO / NOTA DE EMPENHO;Aquisição de 15 (quinze) equipamentos do tipo TABLET para a Secretaria Municipal de Finanças e Desenvolvimento Econômico.;06/07/2016;HUNTERS DO BRASIL COMERCIAL LTDA -ME;PJ;23/06/2016;12;Meses;R$42.195,00;TC Nº 15/2016;OK
FAZENDA;PREGÃO ELETRÔNICO;52017;6017.2016/0020322-0 ;EXTRATO DE CONTRATO / NOTA DE EMPENHO;Aquisição de uma (01) solução de automação, temporização e controle para 02(duas) unidades de climatização de conforto, equipamentos de ar-condicionado, com o fornecimento do serviço de montagem, instalação e manutenção, incluídas todas as peças, partes e acessórios ao seu correto funcionamento visando otimizar o funcionamento da sala técnica de servidores da Secretaria Municipal da Fazenda (SF).;13/06/2017;TERESA ANDRADE VALÉRIO -ME;PJ;05/06/2017;12;Meses;R$16.900,00;TC 09/2017;Pregão abandonado
FAZENDA;PREGÃO ELETRÔNICO;52018;6017.2017/0007141-5 ;EXTRATO DE CONTRATO / NOTA DE EMPENHO;Contratação de empresa especializada para prestação de serviços de transporte, triagem, conferência, higienização, organização, digitalização, indexação, acondicionamento, custódia, expurgo, individualização e indexação de imagens multipage e gerenciamento do acervo documental da Secretaria Municipal da Fazenda da Prefeitura de São Paulo.;12/12/2018;PA Arquivos Ltda.;PJ;03/12/2018;12;Meses;R$3.127.885,09;25/2018;Pregão abandonado
FAZENDA;PREGÃO ELETRÔNICO;62016;6017.2016/0000931-9 ;EXTRATO DE CONTRATO / NOTA DE EMPENHO;"Contratação de Pessoa Jurídica especializada na intermediação e agenciamento de serviços
de táxi (categorias comum e táxi preto) via aplicativo customizável WEB, SMS e mobile com apoio
operacional e tratamento de dados, provedores de serviços de aplicação e serviços de hospedagem da
internet, provedores de conteúdo e outros serviços de informação na internet , nos termos do anexo I –
Termo de Referência deste Edital.";19/05/2016;COOPERATIVA UNIÃO SERV. DOS TAXISTAS AUTON. DE SP ;PJ;12/05/2016;12;Meses;R$550.000,00;14/2016;Ok
FAZENDA;PREGÃO ELETRÔNICO;62016;6017.2016/0000931-9 ;EXTRATO DE ADITAMENTO;Contratação de Pessoa Jurídica especializada na intermediação e agenciamento de serviços de táxi (categorias comum e táxi preto) via aplicativo customizável WEB, SMS e mobile com apoio operacional e tratamento de dados, provedores de serviços de aplicação e serviços de hospedagem da internet, provedores de conteúdo e outros serviços de informação na internet , nos termos do anexo I – Termo de Referência deste Edital.;06/06/2017;COOPERATIVA UNIÃO DOS SERVIÇOS DOS TAXISTAS AUTONO;PJ;12/05/2017;90;Dias;R$116.874,99;14/2016;Ata no diário
FAZENDA;PREGÃO ELETRÔNICO;62017;6017.2017/0010181-0 ;EXTRATO DE CONTRATO / NOTA DE EMPENHO;Contratação de empresa para prestação de serviços continuados de manutenção preventiva e corretiva em elevadores marca Atlas Schindler, conforme especificado no anexo A do Termo de Referência, com mão-de-obra especializada e fornecimento de peças e insumos sem ônus adicional para a Contratante.;21/07/2017;ELEVADORES ATLAS SCHINDLER LTDA;PJ;19/07/2017;12;Meses;R$198.000,00;14/2017;Pregão abandonado
FAZENDA;PREGÃO ELETRÔNICO;62017;6017.2017/0010181-0 ;EXTRATO DE ADITAMENTO;Contratação de empresa para prestação de serviços continuados de manutenção preventiva e corretiva em elevadores marca Atlas Schindler, conforme especificado no anexo A do Termo de Referência, com mão-de-obra especializada e fornecimento de peças e insumos sem ônus adicional para a Contratante.;01/08/2018;ELEVADORES ATLAS SCHINDLER LTDA.;PJ;18/07/2018;12;Meses;R$117.600,00;14/2017;Pregão abandonado
FAZENDA;PREGÃO ELETRÔNICO;72016;6017.2016/0007920-1 ;EXTRATO DE ADITAMENTO;Contratação de empresa especializada em tecnologia da informação para prestação de serviços continuados de computação na modalidade de Nuvem, no modelo de Infraestrutura como um Serviço, incluindo os serviços de hospedagem, armazenamento, processamento e comunicação de dados para utilização da Secretaria Municipal de Finanças e Desenvolvimento Econômico de São Paulo (SF), conforme especificações constantes do Termo de Referência do Edital SF/CPL 07/2016.;23/08/2018;TELTEC SOLUTIONS;PJ;03/08/2018;2;Meses;R$123.029,60;27/2016;Ata no diário
FAZENDA;PREGÃO ELETRÔNICO;72016;6017.2016/0007920-1 ;EXTRATO DE ADITAMENTO;Contratação de empresa especializada em tecnologia da informação para prestação de serviços continuados de computação na modalidade de Nuvem, no modelo de Infraestrutura como um Serviço, incluindo os serviços de hospedagem, armazenamento, processamento e comunicação de dados para utilização da Secretaria Municipal de Finanças e Desenvolvimento Econômico de São Paulo (SF), conforme especificações constantes do Termo de Referência do Edital SF/CPL 07/2016.;20/10/2018;TELTEC SOLUTIONS;PJ;04/10/2018;90;Dias;R$30.000,00;27/2016;Ata inexistente
FAZENDA;PREGÃO ELETRÔNICO;72016;6017.2016/0007920-1 ;EXTRATO DE CONTRATO / NOTA DE EMPENHO;Contratação de empresa especializada em tecnologia da informação para prestação de serviços continuados de computação na modalidade de Nuvem, no modelo de Infraestrutura como um Serviço, incluindo os serviços de hospedagem, armazenamento, processamento e comunicação de dados para utilização da Secretaria Municipal de Finanças e Desenvolvimento Econômico de São Paulo (SF), conforme especificações constantes do Termo de Referência do Edital SF/CPL 07/2016.;11/08/2016;TELTEC SOLUTIONS LTDA;PJ;05/08/2016;12;Meses;R$866.787,60;27/2016;OK
FAZENDA;PREGÃO ELETRÔNICO;72016;6017.2016/0007920-1 ;EXTRATO DE ADITAMENTO;Contratação de empresa especializada em tecnologia da informação para prestação de serviços continuados de computação na modalidade de Nuvem, no modelo de Infraestrutura como um Serviço, incluindo os serviços de hospedagem, armazenamento, processamento e comunicação de dados para utilização da Secretaria Municipal de Finanças e Desenvolvimento Econômico de São Paulo (SF), conforme especificações constantes do Termo de Referência do Edital SF/CPL 07/2016.;23/08/2017;TELTEC SOLUTIONS;PJ;05/08/2017;12;Meses;R$738.177,60;27/2016;Ata no diário
FAZENDA;PREGÃO ELETRÔNICO;72017;6017.2017/0006786-8 ;EXTRATO DE CONTRATO / NOTA DE EMPENHO;"Contratação de empresa especializada para aquisição de mobiliários e execução de serviços de instalação, montagem, com fornecimento de todo o material necessário; manutenção preventiva e corretiva, de armários para copa e para depósito de material de limpeza, aparadores, guichês, lixeiras, com entrega parcelada; aquisição de mesas com bancos fixos com encosto para o refeitório; fornecimento e instalação de armários de aço para vestiários para atender as unidades da Secretaria Municipal da Fazenda do Município de São Paulo - SF.";21/07/2017;M. G. CAMPOS INDUSTRIA COMÉRCIO E SERVIÇOS EIRELI ;PJ;30/06/2017;12;Meses;R$56.600,00;16/2017;Pregão abandonado
FAZENDA;PREGÃO ELETRÔNICO;72017;6017.2017/0006786-8 ;EXTRATO DE CONTRATO / NOTA DE EMPENHO;"Contratação de empresa especializada para aquisição de mobiliários e execução de serviços de instalação, montagem, com fornecimento de todo o material necessário; manutenção preventiva e corretiva, de armários para copa e para depósito de material de limpeza, aparadores, guichês, lixeiras, com entrega parcelada; aquisição de mesas com bancos fixos com encosto para o refeitório; fornecimento e instalação de armários de aço para vestiários para atender as unidades da Secretaria Municipal da Fazenda do Município de São Paulo - SF.";13/07/2017;ALBERFLEX INDUSTRIA DE MOVEIS LTDA;PJ;30/06/2017;12;Meses;R$62.300,00;15/2017;Pregão abandonado
FAZENDA;PREGÃO ELETRÔNICO;72017;6017.2017/0006786-8 ;EXTRATO DE CONTRATO / NOTA DE EMPENHO;"Contratação de empresa especializada para aquisição de mobiliários e execução de serviços de instalação, montagem, com fornecimento de todo o material necessário; manutenção preventiva e corretiva, de armários para copa e para depósito de material de limpeza, aparadores, guichês, lixeiras, com entrega parcelada; aquisição de mesas com bancos fixos com encosto para o refeitório; fornecimento e instalação de armários de aço para vestiários para atender as unidades da Secretaria Municipal da Fazenda do Município de São Paulo - SF.";13/07/2017;A.R. & C. COMERCIO E DISTRIBUICAO LTDA - ME;PJ;30/06/2017;12;Meses;R$54.390,00;17/2017;Pregão abandonado
FAZENDA;PREGÃO ELETRÔNICO;72017;6017.2017/0006786-8 ;EXTRATO DE CONTRATO / NOTA DE EMPENHO;"Contratação de empresa especializada para aquisição de mobiliários e execução de serviços de instalação, montagem, com fornecimento de todo o material necessário; manutenção preventiva e corretiva, de armários para copa e para depósito de material de limpeza, aparadores, guichês, lixeiras, com entrega parcelada; aquisição de mesas com bancos fixos com encosto para o refeitório; fornecimento e instalação de armários de aço para vestiários para atender as unidades da Secretaria Municipal da Fazenda do Município de São Paulo - SF.";21/07/2017;MARFMÓVEIS EIRELI - EPP;PJ;30/06/2017;12;Meses;R$5.751,00;18/2017;Pregão abandonado
FAZENDA;PREGÃO ELETRÔNICO;72017;6017.2017/0006786-8 ;EXTRATO DE ADITAMENTO;"Contratação de empresa especializada para aquisição de mobiliários e execução de serviços de instalação, montagem, com fornecimento de todo o material necessário; manutenção preventiva e corretiva, de armários para copa e para depósito de material de limpeza, aparadores, guichês, lixeiras, com entrega parcelada; aquisição de mesas com bancos fixos com encosto para o refeitório; fornecimento e instalação de armários de aço para vestiários para atender as unidades da Secretaria Municipal da Fazenda do Município de São Paulo - SF.";20/09/2017;M. G. CAMPOS INDÚSTRIA, COMÉRCIO E SERVIÇOS EIRELI;PJ;14/09/2017;12;Meses;R$56.600,00;16/2017;Pregão abandonado
FAZENDA;PREGÃO ELETRÔNICO;72017;6017.2017/0006786-8 ;EXTRATO DE ADITAMENTO;"Contratação de empresa especializada para aquisição de mobiliários e execução de serviços de instalação, montagem, com fornecimento de todo o material necessário; manutenção preventiva e corretiva, de armários para copa e para depósito de material de limpeza, aparadores, guichês, lixeiras, com entrega parcelada; aquisição de mesas com bancos fixos com encosto para o refeitório; fornecimento e instalação de armários de aço para vestiários para atender as unidades da Secretaria Municipal da Fazenda do Município de São Paulo - SF.";10/10/2017;ALBERFLEX INDUSTRIA DE MOVEIS LTDA;PJ;04/10/2017;12;Dias;R$62.300,00;15/2017;Pregão abandonado
FAZENDA;PREGÃO ELETRÔNICO;72018;6017.2018/0007173-5 ;EXTRATO DE CONTRATO / NOTA DE EMPENHO;Contratação de empresa especializada para prestação de serviço de vigilância/segurança patrimonial, armada e desarmada, diurna e noturna, para atuar nas dependências da Sede da Secretaria Municipal da Fazenda de São Paulo no Edifício OTHON, com entrada principal à Pça do Patriarca, 69 – Centro.;05/12/2018;MRS SEGURANÇA E VIGILÂNCIA PATRIMONIAL EIRELI;PJ;29/11/2018;12;Meses;R$811.989,12;22/2018;Pregão abandonado
FAZENDA;PREGÃO ELETRÔNICO;82013;2013-0.082.316-6    ;EXTRATO DE ADITAMENTO;Prestação de Serviço de VIGILÂNCIA/SEGURANÇA PATRIMONIAL, ARMADA E DESARMADA, conforme as especificações descritas no Anexo I do Edital SF/CPL 08/2013.;27/09/2018;LOGICA SEGURANÇA E VIGILÂNCIA LTDA.;PJ;12/09/2018;90;Dias;R$368.899,26;;Ata no diário
FAZENDA;PREGÃO ELETRÔNICO;82013;2013-0.082.316-6    ;EXTRATO DE ADITAMENTO;Prestação de Serviço de VIGILÂNCIA/SEGURANÇA PATRIMONIAL, ARMADA E DESARMADA, conforme as especificações descritas no Anexo I do Edital SF/CPL 08/2013.;01/07/2017;LÓGICA SEGURANÇA E VIGILÂNCIA LTDA;PJ;13/06/2017;12;Meses;R$1.436.061,55;15/2013;Ata no diário
FAZENDA;PREGÃO ELETRÔNICO;82016;6017.2016/0008252-0 ;EXTRATO DE ADITAMENTO;Contratação de empresa especializada em tecnologia da informação para fornecimento e implantação de Solução de Colaboração e Comunicações Unificadas para atender a Secretaria Municipal de Finanças e Desenvolvimento Econômico de São Paulo (SF).;21/08/2018;;PJ;10/08/2018;12;Meses;R$3.281.542,70;36/2016;Ata no diário
FAZENDA;PREGÃO ELETRÔNICO;82016;6017.2016/0008252-0 ;EXTRATO DE CONTRATO / NOTA DE EMPENHO;Contratação de empresa especializada em tecnologia da informação para fornecimento e implantação de Solução de Colaboração e Comunicações Unificadas para atender a Secretaria Municipal de Finanças e Desenvolvimento Econômico de São Paulo (SF).;20/08/2016;;PJ;11/08/2016;12;Meses;R$3.327.367,70;TC 36/2016;OK
FAZENDA;PREGÃO ELETRÔNICO;82016;6017.2016/0008252-0 ;EXTRATO DE ADITAMENTO;Contratação de empresa especializada em tecnologia da informação para fornecimento e implantação de Solução de Colaboração e Comunicações Unificadas para atender a Secretaria Municipal de Finanças e Desenvolvimento Econômico de São Paulo (SF).;23/06/2017;REDISUL INFORMATICA LTDA;PJ;14/06/2017;12;Meses;R$3.281.542,70;36/2016;Ata no diário
FAZENDA;PREGÃO ELETRÔNICO;82016;6017.2016/0008252-0 ;EXTRATO DE ADITAMENTO;Contratação de empresa especializada em tecnologia da informação para fornecimento e implantação de Solução de Colaboração e Comunicações Unificadas para atender a Secretaria Municipal de Finanças e Desenvolvimento Econômico de São Paulo (SF).;04/08/2017;REDISUL INFORMATICA LTDA;PJ;01/08/2017;12;Meses;R$3.281.542,70;TC 36/2016;Ata no diário
FAZENDA;PREGÃO ELETRÔNICO;82017;6017.2016/0017369-0 ;EXTRATO DE CONTRATO / NOTA DE EMPENHO;Aquisição de 05 (cinco) subscrições dos softwares Adobe Creative Cloud (CC) com direito de uso de todos os aplicativos, com subscrição de 48 (quarenta e oito) meses  para a Secretaria Municipal da Fazenda.;01/08/2017;NWS TECNOLOGIA EM INFORMÁTICA LTDA – EPP ;PJ;31/07/2017;48;Meses;R$67.675,00;TC 19/2017;Pregão abandonado
FAZENDA;PREGÃO ELETRÔNICO;92014;2014-0.164.656-1    ;EXTRATO DE ADITAMENTO;Contratação de serviços especializados em reprodução de cópias eletrostáticas, digitalização, plotagem de arquivos digitais e correlatos, com fornecimento dos equipamentos, mão-de-obra e dos materiais de consumo necessários à execução dos serviços, bem como a manutenção preventiva e corretiva com inclusão de peças em todos os equipamentos, conforme as características e especificações contidas no Anexo I do Edital 09/2014.;23/08/2018;DOCPRINT SERVICE TECNOLOGIA LTDA ;PJ;06/08/2018;12;Meses;R$242.612,40;13/2014;Pregão abandonado
FAZENDA;PREGÃO ELETRÔNICO;92014;2014-0.164.656-1    ;EXTRATO DE ADITAMENTO;Contratação de serviços especializados em reprodução de cópias eletrostáticas, digitalização, plotagem de arquivos digitais e correlatos, com fornecimento dos equipamentos, mão-de-obra e dos materiais de consumo necessários à execução dos serviços, bem como a manutenção preventiva e corretiva com inclusão de peças em todos os equipamentos, conforme as características e especificações contidas no Anexo I do Edital 09/2014.;13/07/2016;DOC PRINT SERVICE TECNOLOGIA LTDA;PJ;11/07/2016;12;Meses;R$451.438,50;TC 13/2014;Pregão abandonado
FAZENDA;PREGÃO ELETRÔNICO;92014;2014-0.164.656-1    ;EXTRATO DE ADITAMENTO;Contratação de serviços especializados em reprodução de cópias eletrostáticas, digitalização, plotagem de arquivos digitais e correlatos, com fornecimento dos equipamentos, mão-de-obra e dos materiais de consumo necessários à execução dos serviços, bem como a manutenção preventiva e corretiva com inclusão de peças em todos os equipamentos, conforme as características e especificações contidas no Anexo I do Edital 09/2014.;30/09/2016;DOC PRINT SERVICE TECNOLOGIA LTDA;PJ;05/08/2016;12;Meses;R$406.799,04;TC 13/2014;Pregão abandonado
FAZENDA;PREGÃO ELETRÔNICO;92014;2014-0.164.656-1    ;EXTRATO DE ADITAMENTO;Contratação de serviços especializados em reprodução de cópias eletrostáticas, digitalização, plotagem de arquivos digitais e correlatos, com fornecimento dos equipamentos, mão-de-obra e dos materiais de consumo necessários à execução dos serviços, bem como a manutenção preventiva e corretiva com inclusão de peças em todos os equipamentos, conforme as características e especificações contidas no Anexo I do Edital 09/2014.;01/08/2017;DOC PRINT SERVICE TECNOLOGIA LTDA;PJ;31/07/2017;12;Meses;R$391.811,95;TC 13/2014;Pregão abandonado
FAZENDA;PREGÃO ELETRÔNICO;92014;2014-0.164.656-1    ;EXTRATO DE ADITAMENTO;Contratação de serviços especializados em reprodução de cópias eletrostáticas, digitalização, plotagem de arquivos digitais e correlatos, com fornecimento dos equipamentos, mão-de-obra e dos materiais de consumo necessários à execução dos serviços, bem como a manutenção preventiva e corretiva com inclusão de peças em todos os equipamentos, conforme as características e especificações contidas no Anexo I do Edital 09/2014.;05/09/2017;DOC PRINT SERVICE TECNOLOGIA LTDA;PJ;14/08/2017;12;Meses;R$335.619,84;13/2014;Pregão abandonado
FAZENDA;PREGÃO ELETRÔNICO;92014;2014-0.164.656-1    ;EXTRATO DE ADITAMENTO;Contratação de serviços especializados em reprodução de cópias eletrostáticas, digitalização, plotagem de arquivos digitais e correlatos, com fornecimento dos equipamentos, mão-de-obra e dos materiais de consumo necessários à execução dos serviços, bem como a manutenção preventiva e corretiva com inclusão de peças em todos os equipamentos, conforme as características e especificações contidas no Anexo I do Edital 09/2014.;06/04/2018;DOC PRINT SERVICE TECNOLOGIA LTDA;PJ;28/03/2018;12;Meses;R$335.349,08;13/2014;Pregão abandonado
FAZENDA;PREGÃO ELETRÔNICO;92014;2014-0.164.656-1    ;EXTRATO DE ADITAMENTO;Contratação de serviços especializados em reprodução de cópias eletrostáticas, digitalização, plotagem de arquivos digitais e correlatos, com fornecimento dos equipamentos, mão-de-obra e dos materiais de consumo necessários à execução dos serviços, bem como a manutenção preventiva e corretiva com inclusão de peças em todos os equipamentos, conforme as características e especificações contidas no Anexo I do Edital 09/2014.;26/07/2018;docprint servic sc ltda;PJ;18/07/2018;12;Meses;R$324.786,29;13/2014;Pregão abandonado
FAZENDA;PREGÃO ELETRÔNICO;92018;6017.2018/0014969-6 ;EXTRATO DE CONTRATO / NOTA DE EMPENHO;Aquisição de material de escritório e cartuchos de toner e tinta para atender as unidades da Secretaria Municipal da Fazenda.;14/08/2018;HOPEMIX SUPRIMENTOS E SERVIÇOS LTDA - EPP;PJ;30/07/2018;12;Meses;R$16.928,96;dez/18;Pregão abandonado
FAZENDA;PREGÃO ELETRÔNICO;102013;2013-0.119.771-4    ;EXTRATO DE ADITAMENTO;contratação pelo Município de São Paulo, por intermédio da Secretaria Municipal de Finanças e Desenvolvimento Econômico, ((NG))de fábrica de software para especificação de requisitos, análise, projeto, implementação, especificação de casos de teste, execução de testes funcionais e não funcionais, homologação e implantação de sistemas de informação e mapeamento de processos de negócio((CL)), observadas as disposições do Contrato a ser firmado com o Município de São Paulo;14/11/2018;CAST INFORMÁTICA S/A;PJ;05/11/2018;12;Meses;R$1.451.259,60;39/2013;Ata no diário
FAZENDA;PREGÃO ELETRÔNICO;102013;2013-0.119.771-4    ;EXTRATO DE ADITAMENTO;contratação pelo Município de São Paulo, por intermédio da Secretaria Municipal de Finanças e Desenvolvimento Econômico, ((NG))de fábrica de software para especificação de requisitos, análise, projeto, implementação, especificação de casos de teste, execução de testes funcionais e não funcionais, homologação e implantação de sistemas de informação e mapeamento de processos de negócio((CL)), observadas as disposições do Contrato a ser firmado com o Município de São Paulo;17/11/2016;CAST INFORMÁTICA S/A;PJ;28/10/2016;12;Meses;R$6.059.900,00;39/2013;Ata no diário
FAZENDA;PREGÃO ELETRÔNICO;102013;2013-0.119.771-4    ;EXTRATO DE ADITAMENTO;contratação pelo Município de São Paulo, por intermédio da Secretaria Municipal de Finanças e Desenvolvimento Econômico, ((NG))de fábrica de software para especificação de requisitos, análise, projeto, implementação, especificação de casos de teste, execução de testes funcionais e não funcionais, homologação e implantação de sistemas de informação e mapeamento de processos de negócio((CL)), observadas as disposições do Contrato a ser firmado com o Município de São Paulo;24/10/2017;CAST INFORMÁTICA S/A;PJ;09/10/2017;12;Meses;R$6.613.168,87;39/2013;Ata no diário
FAZENDA;PREGÃO ELETRÔNICO;102013;2013-0.119.771-4    ;EXTRATO DE ADITAMENTO;contratação pelo Município de São Paulo, por intermédio da Secretaria Municipal de Finanças e Desenvolvimento Econômico, ((NG))de fábrica de software para especificação de requisitos, análise, projeto, implementação, especificação de casos de teste, execução de testes funcionais e não funcionais, homologação e implantação de sistemas de informação e mapeamento de processos de negócio((CL)), observadas as disposições do Contrato a ser firmado com o Município de São Paulo;15/11/2017;CAST INFORMÁTICA S/A;PJ;07/11/2017;12;Meses;R$6.613.168,87;39/2013;Ata no diário
FAZENDA;PREGÃO ELETRÔNICO;102016;6017.2016/0004793-8 ;EXTRATO DE CONTRATO / NOTA DE EMPENHO;Aquisição e instalação de 10 (dez) racks padrão EIA 19” 24U para implantação da estrutura dos switches de acesso do edifício Othon da Secretaria Municipal de Finanças e Desenvolvimento Econômico.;13/09/2016;FABRICIO SONCINI EQUIPAMENTOS DE INFORMÁTICA – ME;PJ;30/08/2016;12;Meses;R$47.800,00;38/2016;OK
FAZENDA;PREGÃO ELETRÔNICO;102017;6017.2017/0013596-0 ;EXTRATO DE CONTRATO / NOTA DE EMPENHO;Aquisição de cartuchos de fita magnética para backup padrão LTO-6 ULTRIUM e cartuchos de limpeza universal LTO ULTRIUM, para atender as necessidades da Secretaria Municipal de Fazenda de São Paulo.;07/07/2017;TNS COMERCIAL EIRELI- EPP;PJ;29/06/2017;12;Meses;R$41.592,90;TC 11/2017;Pregão abandonado
FAZENDA;PREGÃO ELETRÔNICO;102018;6017.2018/0017248-5 ;EXTRATO DE CONTRATO / NOTA DE EMPENHO;Contratação de empresa especializada para a prestação dos serviços de suporte ao usuário, redes e infraestrutura de tecnologia da informação do ambiente da Secretaria Municipal da Fazenda - SF da Prefeitura do Município de São Paulo – PMSP.;09/11/2018;CAST INFORMÁTICA S.A. ;PJ;01/11/2018;24;Meses;R$6.290.120,20;21/2018;Pregão abandonado
FAZENDA;PREGÃO ELETRÔNICO;112012;2012-0.051.415-3    ;EXTRATO DE ADITAMENTO;contratação de serviços de manutenção preventiva e corretiva, com inclusão de peças, em um Estabilizador Eletrônico Digital e um No Break;02/09/2016;CLARITY SISTEMAS DE ENERGIA LTDA;PJ;26/08/2016;12;Meses;R$18.359,76;TC Nº 18/2012;Pregão abandonado
FAZENDA;PREGÃO ELETRÔNICO;112016;2015-0.145.783-3    ;EXTRATO DE CONTRATO / NOTA DE EMPENHO;Contratação de empresa especializada para prestar os serviços de manutenção corretiva e higienização, por chamado técnico, nos bebedouros de garrafão refrigerados pertencentes a esta Secretaria Municipal de Finanças e Desenvolvimento Econômico.;02/11/2016;S. B. TEIXEIRA COMÉRCIO DE ÁGUA ME;PJ;25/10/2016;12;Meses;R$11.846,16;51/2016;OK
FAZENDA;PREGÃO ELETRÔNICO;112017;6017.2017/0016110-4 ;EXTRATO DE ADITAMENTO;Contratação de empresa especializada para manutenção preventiva e corretiva, incluindo fornecimento e troca de peças em No Breaks com fornecimento de mão de obra especializada, em aparelhos instalados no Edifício OTHON, prédio da Secretaria Municipal da Fazenda.;08/08/2018;SISTEL ENGENHARIA EIRELI – EPP ;PJ;31/07/2018;12;Meses;R$397.999,92;13/2017;Pregão abandonado
FAZENDA;PREGÃO ELETRÔNICO;112017;6017.2017/0016110-4 ;EXTRATO DE CONTRATO / NOTA DE EMPENHO;Contratação de empresa especializada para manutenção preventiva e corretiva, incluindo fornecimento e troca de peças em No Breaks com fornecimento de mão de obra especializada, em aparelhos instalados no Edifício OTHON, prédio da Secretaria Municipal da Fazenda.;01/08/2017;SISTEL ENGENHARIA EIRELI - EPP;PJ;31/07/2017;12;Meses;R$397.999,92;TC 13/2017;Pregão abandonado
FAZENDA;PREGÃO ELETRÔNICO;122017;6017.2016/0016999-5 ;EXTRATO DE ADITAMENTO;Locação com instalação de 26 (vinte e seis) bebedouros purificadores de água para utilização no imóvel sede da Secretaria Municipal da Fazenda (SF);25/08/2018;TMS PURIFICADORES E COMÉRCIO LTDA. ME;PJ;14/08/2018;12;Meses;R$14.047,15;20/2017;Pregão abandonado
FAZENDA;PREGÃO ELETRÔNICO;122017;6017.2016/0016999-5 ;EXTRATO DE CONTRATO / NOTA DE EMPENHO;Locação com instalação de 26 (vinte e seis) bebedouros purificadores de água para utilização no imóvel sede da Secretaria Municipal da Fazenda (SF);23/08/2017;TMS PURIFICADORES E COMÉRCIO LTDA – ME;PJ;15/08/2017;12;Meses;R$13.416,00;20/2017;Pregão abandonado
FAZENDA;PREGÃO ELETRÔNICO;122018;6017.2018/0049976-0 ;EXTRATO DE CONTRATO / NOTA DE EMPENHO;Contratação do Serviço de Tecnologia da Informação para atuar como Fábrica de Software para desenvolvimento, inclusive de projetos data-warehouse e data-mart, melhoria e manutenção de software, para confecção e atualização de relatórios, páginas estáticas, para execução da verificação de ocorrências e acompanhamento de sistemas em produção, para a documentação de sistemas, extrações e carga de base de dados, a serem prestados em conformidade com o processo de software, normas e modelo de operação da CONTRATANTE, mediante Ordens de Execução de Serviço (OS) dimensionadas pela técnica de contagem de Ponto de Função, com quantitativo estimado de 10.000 (dez mil) pontos de função, sem garantia de consumo mínimo.;14/12/2018;SPASSU TECNOLOGIA E SERVIÇOS S.A;PJ;04/12/2018;12;Meses;R$5.744.500,00;28/2018;Pregão abandonado
FAZENDA;PREGÃO ELETRÔNICO;132014;2014-0.199.812-3    ;EXTRATO DE ADITAMENTO;Contratação de serviços especializados de manutenção corretiva e preventiva mensal, com inclusão de peças, em 2 (dois) elevadores para pessoas com necessidades especiais, sendo 01 com 03 paradas localizado na entrada da repartição pública e outro com 2 paradas localizado nos fundos do andar térreo, e 01 (um) elevador monta-carga elétrico tipo BMC 03-50 Kg, para transportes de documentos entre os andares, todos instalados na Divisão de Atendimento ao Contribuinte – DIATE, localizada no Vale do Anhangabaú, nº 206, conforme descrição constante do Anexo I do Edital SF/CPL nº 13/2014.;23/11/2018;ELEVADORES ORION LTDA;PJ;05/11/2018;0;Dias;R$0,00;22/2014;Pregão abandonado
FAZENDA;PREGÃO ELETRÔNICO;132014;2014-0.199.812-3    ;EXTRATO DE ADITAMENTO;Contratação de serviços especializados de manutenção corretiva e preventiva mensal, com inclusão de peças, em 2 (dois) elevadores para pessoas com necessidades especiais, sendo 01 com 03 paradas localizado na entrada da repartição pública e outro com 2 paradas localizado nos fundos do andar térreo, e 01 (um) elevador monta-carga elétrico tipo BMC 03-50 Kg, para transportes de documentos entre os andares, todos instalados na Divisão de Atendimento ao Contribuinte – DIATE, localizada no Vale do Anhangabaú, nº 206, conforme descrição constante do Anexo I do Edital SF/CPL nº 13/2014.;29/09/2016;ELEVADORES ORION LTDA;PJ;21/09/2016;12;Meses;R$14.700,00;22/2014;Pregão abandonado
FAZENDA;PREGÃO ELETRÔNICO;132014;2014-0.199.812-3    ;EXTRATO DE ADITAMENTO;Contratação de serviços especializados de manutenção corretiva e preventiva mensal, com inclusão de peças, em 2 (dois) elevadores para pessoas com necessidades especiais, sendo 01 com 03 paradas localizado na entrada da repartição pública e outro com 2 paradas localizado nos fundos do andar térreo, e 01 (um) elevador monta-carga elétrico tipo BMC 03-50 Kg, para transportes de documentos entre os andares, todos instalados na Divisão de Atendimento ao Contribuinte – DIATE, localizada no Vale do Anhangabaú, nº 206, conforme descrição constante do Anexo I do Edital SF/CPL nº 13/2014.;01/07/2017;ELEVADORES ORION LTDA;PJ;27/06/2017;12;Meses;R$14.168,35;22/2014;Pregão abandonado
FAZENDA;PREGÃO ELETRÔNICO;132014;2014-0.199.812-3    ;EXTRATO DE ADITAMENTO;Contratação de serviços especializados de manutenção corretiva e preventiva mensal, com inclusão de peças, em 2 (dois) elevadores para pessoas com necessidades especiais, sendo 01 com 03 paradas localizado na entrada da repartição pública e outro com 2 paradas localizado nos fundos do andar térreo, e 01 (um) elevador monta-carga elétrico tipo BMC 03-50 Kg, para transportes de documentos entre os andares, todos instalados na Divisão de Atendimento ao Contribuinte – DIATE, localizada no Vale do Anhangabaú, nº 206, conforme descrição constante do Anexo I do Edital SF/CPL nº 13/2014.;14/11/2017;ELEVADORES ORION LTDA;PJ;30/10/2017;12;Meses;R$13.818,00;22/2014;Pregão abandonado
FAZENDA;PREGÃO ELETRÔNICO;132017;6017.2016/0031591-6 ;EXTRATO DE CONTRATO / NOTA DE EMPENHO;Contratação de empresa para o fornecimento de utensílios domésticos para a copa e cozinha para atender as unidades da Secretaria Municipal da Fazenda do Município de São Paulo - SF, conforme as especificações constantes do Anexo II deste Edital.;28/09/2017;SUPERAÇÃO COMÉRCIO E SERVIÇOS EIRELI ;PJ;21/09/2017;12;Meses;R$16.384,40;TC 29/2017;Pregão abandonado
FAZENDA;PREGÃO ELETRÔNICO;142012;2012-0.197.401-8    ;EXTRATO DE ADITAMENTO;O presente CONTRATO tem por objeto a confecção, impressão e remessa, sob demanda e autorização da CONTRATANTE, de Cupons de Estacionamento solicitados por Valet Service ou por estabelecimentos que disponibilizam para seus clientes ou se beneficiam dos serviços de manobra e guarda de veículos, conforme Termo de Referência – Anexo II do Edital de Licitação Pregão Eletrônico SF/CPL nº 14/2012.;02/11/2016;PRIMI TECNOLOGIA LTDA;PJ;22/09/2016;12;Meses;R$66.360,00;25/2012;Pregão abandonado
FAZENDA;PREGÃO ELETRÔNICO;142016;6017.2016/0014115-2 ;EXTRATO DE CONTRATO / NOTA DE EMPENHO;Aquisição do Software Assurance de 48 (quarenta e oito) licenças do MS SQL Server Standard para a Secretaria de Finanças e Desenvolvimento Econômico.;30/09/2016;LANLINK SOLUÇÕES E COMERCIALIZAÇÃO S/A;PJ;22/09/2016;36;Meses;R$371.710,56;48/2016;OK
FAZENDA;PREGÃO ELETRÔNICO;142017;6017.2017/0006786-8 ;EXTRATO DE CONTRATO / NOTA DE EMPENHO;Aquisição de lixeiras conforme especificações do LOTE 3 do Termo de Referência.;24/08/2017;CRESCER COMERCIO E SERVICO DE APOIO A EMPRESAS EIR;PJ;17/08/2017;12;Meses;R$44.000,00;22/2017;Pregão abandonado
FAZENDA;PREGÃO ELETRÔNICO;152016;6017.2016/0016479-9 ;EXTRATO DE CONTRATO / NOTA DE EMPENHO;Aquisição e instalação de 27 (vinte e sete) refrigeradores, 08 (oito) fornos de micro-ondas, 08 (oito) TVs 42”, 03 (três) TVs 60” e 04 (quatro) fogões para a Secretaria Municipal de Finanças e Desenvolvimento Econômico.;02/12/2016;FABRICIO SONCINI EQUIPAMENTOS DE INFORMÁTICA ME;PJ;28/11/2016;12;Meses;R$85.889,76;TC 56/2016;OK
FAZENDA;PREGÃO ELETRÔNICO;152017;6017.2017/0021506-9 ;EXTRATO DE ADITAMENTO;Contratação de empresa para prestação de serviços de manutenção preventiva e corretiva do sistema de bombas, instaladas no Edifício Othon, sede da Secretaria Municipal da Fazenda, com fornecimento de material e mão de obra, devidamente qualificada, por um período de 12 (doze) meses.;16/08/2018;CENTRÃO COMÉRCIO DE EQUIPAMENTOS LTDA ME;PJ;06/08/2018;12;Meses;R$16.200,00;21/2017;Pregão abandonado
FAZENDA;PREGÃO ELETRÔNICO;152017;6017.2017/0021506-9 ;EXTRATO DE CONTRATO / NOTA DE EMPENHO;Contratação de empresa para prestação de serviços de manutenção preventiva e corretiva do sistema de bombas, instaladas no Edifício Othon, sede da Secretaria Municipal da Fazenda, com fornecimento de material e mão de obra, devidamente qualificada, por um período de 12 (doze) meses.;18/08/2017;CENTRÃO COMÉRCIO DE EQUIPAMENTOS LTDA - ME;PJ;09/08/2017;12;Meses;R$16.200,00;21/2017;Pregão abandonado
FAZENDA;PREGÃO ELETRÔNICO;162014;2014-0.088.604-6    ;EXTRATO DE ADITAMENTO;Contratação de empresa especializada na prestação de serviços de digitalização, custódia de documentos e de rolos de microfilmes e gestão informatizada de documentos.;26/04/2017;DDA TECNOLOGIA LTDA;PJ;13/04/2017;90;Dias;R$191.453,00;jan/15;Pregão abandonado
FAZENDA;PREGÃO ELETRÔNICO;162014;2014-0.088.604-6    ;EXTRATO DE ADITAMENTO;Contratação de empresa especializada na prestação de serviços de digitalização, custódia de documentos e de rolos de microfilmes e gestão informatizada de documentos.;21/07/2017;D.D.A. TECNOLOGIA LTDA;PJ;12/07/2017;90;Dias;R$191.453,00;SF Nº 01/2015;Pregão abandonado
FAZENDA;PREGÃO ELETRÔNICO;162014;2014-0.088.604-6    ;EXTRATO DE ADITAMENTO;Contratação de empresa especializada na prestação de serviços de digitalização, custódia de documentos e de rolos de microfilmes e gestão informatizada de documentos.;01/08/2017;DDA TECNOLOGIA LTDA;PJ;12/07/2017;90;Dias;R$191.453,00;TC 01/2015;Pregão abandonado
FAZENDA;PREGÃO ELETRÔNICO;162014;2014-0.088.604-6    ;EXTRATO DE ADITAMENTO;Contratação de empresa especializada na prestação de serviços de digitalização, custódia de documentos e de rolos de microfilmes e gestão informatizada de documentos.;24/10/2017;D.D.A. TECNOLOGIA LTDA;PJ;11/10/2017;90;Dias;R$191.453,00;jan/15;Pregão abandonado
FAZENDA;PREGÃO ELETRÔNICO;162014;2014-0.088.604-6    ;EXTRATO DE ADITAMENTO;Contratação de empresa especializada na prestação de serviços de digitalização, custódia de documentos e de rolos de microfilmes e gestão informatizada de documentos.;27/04/2018;DDA TECNOLOGIA LTDA3;PJ;09/04/2018;90;Dias;R$191.453,00;jan/15;Pregão abandonado
FAZENDA;PREGÃO ELETRÔNICO;162017;6017.2017/0011079-8 ;EXTRATO DE CONTRATO / NOTA DE EMPENHO;Contratação de empresa especializada para prestar os serviços de manutenção corretiva em 110 (cento e dez) cadeiras (tipo universitária destro/canhoto), pertencentes a esta Secretaria Municipal da Fazenda.;19/08/2017;ANTONIO MANFRINI & CIA LTDA – EPP;PJ;14/08/2017;12;Meses;R$12.582,00;24/2017;Pregão abandonado
FAZENDA;PREGÃO ELETRÔNICO;172017;6017.2016/0013135-1 ;EXTRATO DE CONTRATO / NOTA DE EMPENHO;Contratação de instituição/empresa especializada em treinamento e capacitação de pessoas para o desenvolvimento e a realização de Curso de Capacitação do ITIL V3 – com certificação nível FOUNDATION – Curso + Prova de certificação para os servidores da Coordenadoria de Tecnologia da Informação e Comunicação (COTEC) da Secretaria Municipal da Fazenda (SF).;31/08/2017;MINDWORKS TECNOLOGIA EIRELI - EPP;PJ;16/08/2017;12;Meses;R$10.800,00;25/2017;Pregão abandonado
FAZENDA;PREGÃO ELETRÔNICO;182016;6017.2016/0016761-5 ;EXTRATO DE CONTRATO / NOTA DE EMPENHO;Contratação de empresa especializada em serviços de mudança, para prestação de serviços de desmontagem, embalagem e carregamento na origem, transporte e descarregamento, distribuição, montagem e arrumação no destino, de mobiliários,  armários deslizantes, equipamentos de informática, expedientes e materiais de escritório, em caminhão tipo “baú”, das sedes da Secretaria de Finanças e Desenvolvimento Econômico, incluindo o fornecimento de materiais, mão-de-obra e equipamentos necessários à execução dos serviços.;02/12/2016;A. CENTRAL TRANSPORTES LTDA – ME ;PJ;28/11/2016;12;Meses;R$69.848,00;TC 62/2016;OK
FAZENDA;PREGÃO ELETRÔNICO;182016;6017.2016/0016761-5 ;EXTRATO DE ADITAMENTO;Contratação de empresa especializada em serviços de mudança, para prestação de serviços de desmontagem, embalagem e carregamento na origem, transporte e descarregamento, distribuição, montagem e arrumação no destino, de mobiliários,  armários deslizantes, equipamentos de informática, expedientes e materiais de escritório, em caminhão tipo “baú”, das sedes da Secretaria de Finanças e Desenvolvimento Econômico, incluindo o fornecimento de materiais, mão-de-obra e equipamentos necessários à execução dos serviços.;20/09/2017;A. CENTRAL TRANSPORTES LTDA – ME;PJ;14/09/2017;18;Meses;R$69.848,00;62/2016;Ata no diário
FAZENDA;PREGÃO ELETRÔNICO;182016;6017.2016/0016761-5 ;EXTRATO DE ADITAMENTO;Contratação de empresa especializada em serviços de mudança, para prestação de serviços de desmontagem, embalagem e carregamento na origem, transporte e descarregamento, distribuição, montagem e arrumação no destino, de mobiliários,  armários deslizantes, equipamentos de informática, expedientes e materiais de escritório, em caminhão tipo “baú”, das sedes da Secretaria de Finanças e Desenvolvimento Econômico, incluindo o fornecimento de materiais, mão-de-obra e equipamentos necessários à execução dos serviços.;24/04/2018;A. CENTRAL TRANSPORTES LTDA ME;PJ;20/04/2018;90;Dias;R$69.848,00;62/2016;Ata no diário
FAZENDA;PREGÃO ELETRÔNICO;192017;6017.2017/0016106-6 ;EXTRATO DE CONTRATO / NOTA DE EMPENHO;Contratação de empresa especializada para prestação de serviço de confecção e instalação de letreiros, adesivos e placas de comunicação visual, para áreas internas e externas para atender as unidades da Secretaria Municipal da Fazenda do Município de São Paulo - SF.;13/09/2017;APEX DO BRASIL COMUNICAÇÃO VISUAL LTDA – ME;PJ;11/09/2017;12;Meses;R$22.263,00;30/2017;Pregão abandonado
FAZENDA;PREGÃO ELETRÔNICO;192017;6017.2017/0016106-6 ;EXTRATO DE ADITAMENTO;Contratação de empresa especializada para prestação de serviço de confecção e instalação de letreiros, adesivos e placas de comunicação visual, para áreas internas e externas para atender as unidades da Secretaria Municipal da Fazenda do Município de São Paulo - SF.;24/10/2017;APEX DO BRASIL COMUNICAÇÃO VISUAL LTDA – ME;PJ;18/10/2017;12;Meses;R$23.573,00;30/2017;Pregão abandonado
FAZENDA;PREGÃO ELETRÔNICO;202015;2014-0.286.764-2    ;EXTRATO DE ADITAMENTO;Contratação de empresa especializada na prestação de serviço de limpeza, conservação, dedetização/desinsetização, desratização e copeiragem com fornecimento de  mão-de-obra, saneantes domissanitários, incluindo o fornecimento de papel higiênico, papel toalha e sabonete líquido para as mãos, materiais e equipamentos, visando à obtenção de adequadas condições de salubridade e higiene, sob inteira responsabilidade da contratada, em locais determinados na relação de endereços constantes do Anexo I do Edital SF CPL nº 20/2015.;11/06/2016;PAINEIRAS LIMPEZA E SERVIÇOS GERAIS LTDA;PJ;10/06/2016;12;Meses;R$1.838.528,34;39/2015;Ata no diário
FAZENDA;PREGÃO ELETRÔNICO;202015;2014-0.286.764-2    ;EXTRATO DE ADITAMENTO;Contratação de empresa especializada na prestação de serviço de limpeza, conservação, dedetização/desinsetização, desratização e copeiragem com fornecimento de  mão-de-obra, saneantes domissanitários, incluindo o fornecimento de papel higiênico, papel toalha e sabonete líquido para as mãos, materiais e equipamentos, visando à obtenção de adequadas condições de salubridade e higiene, sob inteira responsabilidade da contratada, em locais determinados na relação de endereços constantes do Anexo I do Edital SF CPL nº 20/2015.;03/09/2016;PAINEIRAS LIMPEZA E SERVIÇOS GERAIS LTDA;PJ;26/08/2016;12;Meses;R$1.826.670,84;39/2015;Ata no diário
FAZENDA;PREGÃO ELETRÔNICO;202015;2014-0.286.764-2    ;EXTRATO DE ADITAMENTO;Contratação de empresa especializada na prestação de serviço de limpeza, conservação, dedetização/desinsetização, desratização e copeiragem com fornecimento de  mão-de-obra, saneantes domissanitários, incluindo o fornecimento de papel higiênico, papel toalha e sabonete líquido para as mãos, materiais e equipamentos, visando à obtenção de adequadas condições de salubridade e higiene, sob inteira responsabilidade da contratada, em locais determinados na relação de endereços constantes do Anexo I do Edital SF CPL nº 20/2015.;07/07/2017;PAINEIRAS LIMPEZA E SERVIÇOS GERAIS LTDA;PJ;28/06/2017;12;Meses;R$1.812.041,13;39/2015;Ata no diário
FAZENDA;PREGÃO ELETRÔNICO;202015;2014-0.286.764-2    ;EXTRATO DE ADITAMENTO;Contratação de empresa especializada na prestação de serviço de limpeza, conservação, dedetização/desinsetização, desratização e copeiragem com fornecimento de  mão-de-obra, saneantes domissanitários, incluindo o fornecimento de papel higiênico, papel toalha e sabonete líquido para as mãos, materiais e equipamentos, visando à obtenção de adequadas condições de salubridade e higiene, sob inteira responsabilidade da contratada, em locais determinados na relação de endereços constantes do Anexo I do Edital SF CPL nº 20/2015.;29/08/2017;PAINEIRAS LIMPEZA E SERVIÇOS GERAIS LTDA;PJ;22/08/2017;12;Meses;R$1.687.449,43;39/2015;Ata no diário
FAZENDA;PREGÃO ELETRÔNICO;202015;2014-0.286.764-2    ;EXTRATO DE ADITAMENTO;Contratação de empresa especializada na prestação de serviço de limpeza, conservação, dedetização/desinsetização, desratização e copeiragem com fornecimento de  mão-de-obra, saneantes domissanitários, incluindo o fornecimento de papel higiênico, papel toalha e sabonete líquido para as mãos, materiais e equipamentos, visando à obtenção de adequadas condições de salubridade e higiene, sob inteira responsabilidade da contratada, em locais determinados na relação de endereços constantes do Anexo I do Edital SF CPL nº 20/2015.;09/11/2017;PAINEIRAS LIMPEZA E SERVIÇOS GERAIS LTDA;PJ;30/10/2017;12;Meses;R$1.687.449,43;39/2016;Ata no diário
FAZENDA;PREGÃO ELETRÔNICO;212017;6017.2017/0027044-2 ;EXTRATO DE ADITAMENTO;Contratação de prestação de serviços de locação de 02 (dois) veículos de transporte misto do tipo Van (furgão), com ênfase para transporte de cargas e pequenos volumes, incluindo motorista e combustível, de quilometragem livre, para suprir as necessidades da Secretaria Municipal da Fazenda.;08/12/2018;SP Locserv Locação de Veículos e Serviços Gerais E;PJ;04/12/2018;90;Dias;R$42.000,00;43/2017;Pregão abandonado
FAZENDA;PREGÃO ELETRÔNICO;222012;2012-0.285.983-2    ;EXTRATO DE ADITAMENTO;Contratação de empresa para prestação de serviços de assistência técnica, manutenção mensal preventiva e corretiva com o fornecimento de peças em Sistemas de Telefonia, marca Monytel, modelo COMPACT 400, para a Secretaria de Finanças, conforme Anexo I do Edital SF/CPL 22/2012.;01/04/2017;RODRIGUES CRUZ TELECOMUNICAÇÃO & ELETRICIDADE LTDA;PJ;14/03/2017;12;Meses;R$8.970,00;mai/13;Ata no diário
FAZENDA;PREGÃO ELETRÔNICO;222012;2012-0.285.983-2    ;EXTRATO DE ADITAMENTO;Contratação de empresa para prestação de serviços de assistência técnica, manutenção mensal preventiva e corretiva com o fornecimento de peças em Sistemas de Telefonia, marca Monytel, modelo COMPACT 400, para a Secretaria de Finanças, conforme Anexo I do Edital SF/CPL 22/2012.;01/07/2017;RODRIGUES CRUZ TELECOMUNICAÇÃO & ELETRICIDADE LTDA;PJ;21/06/2017;12;Meses;R$8.541,49;mai/13;Ata no diário
FAZENDA;PREGÃO ELETRÔNICO;222016;6017.2016/0008527-9 ;EXTRATO DE CONTRATO / NOTA DE EMPENHO;Contratação de 4 (quatro) links de comunicação de fibra ótica metro Ethernet, com velocidade de 1Gbps (um Gigabit por segundo) de banda disponível em cada link, e de link de acesso dedicado à Internet, com velocidade de 1 Gbps (um Gigabit por segundo) de banda disponível, com redundância, que proveja alta disponibilidade.;08/02/2017;WIRELESS COMM SERVICES LTDA;PJ;20/01/2017;30;Meses;R$743.999,40;66/2016;Pregão abandonado
FAZENDA;PREGÃO ELETRÔNICO;232015;2015-0.161.847-0    ;EXTRATO DE ADITAMENTO;O presente Pregão tem por objeto a contratação de empresa para prestação de serviços de assistência técnica, manutenção preventiva e corretiva no sistema de telefonia de propriedade da Contratante, equipado com ramais analógicos e digitais, troncos analógicos e digitais, aparelhos telefônicos digitais e mesas operadoras, instalados na Rua Pedro Américo, n° 32, em diversos andares, conforme especificações constantes do Termo de Referência – Anexo I do Edital SF/CPL nº 23/2015.;21/06/2016;RODRIGUES CRUZ TELECOMUNICAÇÃO & ELETRICIDADE LTDA;PJ;30/05/2016;12;Meses;R$28.008,40;47/2015;Ata no diário
FAZENDA;PREGÃO ELETRÔNICO;232015;2015-0.161.847-0    ;EXTRATO DE ADITAMENTO;O presente Pregão tem por objeto a contratação de empresa para prestação de serviços de assistência técnica, manutenção preventiva e corretiva no sistema de telefonia de propriedade da Contratante, equipado com ramais analógicos e digitais, troncos analógicos e digitais, aparelhos telefônicos digitais e mesas operadoras, instalados na Rua Pedro Américo, n° 32, em diversos andares, conforme especificações constantes do Termo de Referência – Anexo I do Edital SF/CPL nº 23/2015.;02/11/2016;RODRIGUES CRUZ TELECOM. & ELETRICIDADE LTDA - EPP;PJ;30/09/2016;12;Meses;R$26.236,56;47/2015;Ata no diário
FAZENDA;PREGÃO ELETRÔNICO;232015;2015-0.161.847-0    ;EXTRATO DE ADITAMENTO;O presente Pregão tem por objeto a contratação de empresa para prestação de serviços de assistência técnica, manutenção preventiva e corretiva no sistema de telefonia de propriedade da Contratante, equipado com ramais analógicos e digitais, troncos analógicos e digitais, aparelhos telefônicos digitais e mesas operadoras, instalados na Rua Pedro Américo, n° 32, em diversos andares, conforme especificações constantes do Termo de Referência – Anexo I do Edital SF/CPL nº 23/2015.;01/07/2017;RODRIGUES CRUZ TELECOMUNICAÇÃO & ELETRICIDADE LTDA;PJ;21/06/2017;12;Meses;R$24.910,14;47/2015;Ata no diário
FAZENDA;PREGÃO ELETRÔNICO;232015;2015-0.161.847-0    ;EXTRATO DE ADITAMENTO;O presente Pregão tem por objeto a contratação de empresa para prestação de serviços de assistência técnica, manutenção preventiva e corretiva no sistema de telefonia de propriedade da Contratante, equipado com ramais analógicos e digitais, troncos analógicos e digitais, aparelhos telefônicos digitais e mesas operadoras, instalados na Rua Pedro Américo, n° 32, em diversos andares, conforme especificações constantes do Termo de Referência – Anexo I do Edital SF/CPL nº 23/2015.;29/09/2017;RODRIGUES CRUZ TELECOM. & ELETRICIDADE EIRELI-EPP;PJ;25/09/2017;12;Dias;R$24.675,48;47/2015;Ata no diário
FAZENDA;PREGÃO ELETRÔNICO;232017;6017.2017/0026921-5 ;EXTRATO DE ADITAMENTO;Contratação de empresa para prestação de serviços de confecção, impressão e remessa, sob demanda e autorização da Prefeitura Municipal de São Paulo – Secretaria Municipal da Fazenda, de cupons de estacionamento solicitados por Valet Service ou por estabelecimento que disponibiliza para seus clientes ou se beneficia dos serviços de manobra e guarda de veículos.;27/10/2018;INDUSTRIA GRAFICA BRASILEIRA LTDA.;PJ;11/10/2018;12;Meses;R$90.000,00;34/2017;Pregão abandonado
FAZENDA;PREGÃO ELETRÔNICO;232017;6017.2017/0026921-5 ;EXTRATO DE CONTRATO / NOTA DE EMPENHO;Contratação de empresa para prestação de serviços de confecção, impressão e remessa, sob demanda e autorização da Prefeitura Municipal de São Paulo – Secretaria Municipal da Fazenda, de cupons de estacionamento solicitados por Valet Service ou por estabelecimento que disponibiliza para seus clientes ou se beneficia dos serviços de manobra e guarda de veículos.;18/10/2017;INDUSTRIA GRAFICA BRASILEIRA LTDA ;PJ;16/10/2017;12;Meses;R$96.300,00;34/2017;Pregão abandonado
FAZENDA;PREGÃO ELETRÔNICO;242017;6017.2017/0011976-0 ;EXTRATO DE ADITAMENTO;Contratação de companhia seguradora para abertura de seguro multirrisco destinado a bens móveis e imóvel da Secretaria Municipal da Fazenda da Prefeitura de São Paulo localizado na Rua Líbero Badaró, nº 190 – Centro – São Paulo/SP, com limite máximo de indenização;14/11/2018;TRAVELERS SEGUROS BRASIL S/A;PJ;31/10/2018;12;Meses;R$15.000,00;37/2017;Pregão abandonado
FAZENDA;PREGÃO ELETRÔNICO;242017;6017.2017/0011976-0 ;EXTRATO DE CONTRATO / NOTA DE EMPENHO;Contratação de companhia seguradora para abertura de seguro multirrisco destinado a bens móveis e imóvel da Secretaria Municipal da Fazenda da Prefeitura de São Paulo localizado na Rua Líbero Badaró, nº 190 – Centro – São Paulo/SP, com limite máximo de indenização;10/11/2017;TRAVELERS SEGUROS BRASIL S/A;PJ;01/11/2017;12;Meses;R$15.000,00;37/2017;Pregão abandonado
FAZENDA;PREGÃO ELETRÔNICO;252017;6017.2016/0025730-4 ;EXTRATO DE CONTRATO / NOTA DE EMPENHO;Prestação de serviços de MOTOFRETE, com entrega e coleta de pequenas cargas, por meio de motocicletas com condutores, de acordo com as solicitações da Unidade Requisitante, por demanda.;12/10/2017;MARCELO DAS NEVES PIRES TRANSPORTES - ME;PJ;05/10/2017;12;Dias;R$36.000,00;35/2017;Pregão abandonado
FAZENDA;PREGÃO ELETRÔNICO;272017;6017.2017/0016635-1 ;EXTRATO DE CONTRATO / NOTA DE EMPENHO;Contratação de empresa especializada na prestação de serviços de manutenção preventiva e corretiva, com cobertura integral de peças e insumos, incluindo abastecimento de combustível em 01 (um) Grupo Gerador, da marca Stemac, Linha Diesel, instalado no Edifício OTHON da Secretaria Municipal da Fazenda.;09/11/2017;EMPRESA BRASILEIRA DE MEDIÇÕES E OBRAS LTDA. ;PJ;01/11/2017;12;Meses;R$67.774,92;39/2017;Pregão abandonado
FAZENDA;PREGÃO ELETRÔNICO;282015;2015-0.221.139-0    ;EXTRATO DE ADITAMENTO;Contratação de empresa especializada para prestação de serviços de manutenção preventiva e corretiva trimestral, incluindo fornecimento e troca de peças de NO BREAK - PROCESSPOWER – Sistemas de Alimentação Ininterrupta, da marca Accion Power.;18/03/2017;ENGEVISA SERVIÇOS DE ENGENHARIA LTDA - EPP;PJ;03/03/2017;12;Meses;R$9.882,00;fev/16;OK
FAZENDA;PREGÃO ELETRÔNICO;282015;2015-0.221.139-0    ;EXTRATO DE ADITAMENTO;Contratação de empresa especializada para prestação de serviços de manutenção preventiva e corretiva trimestral, incluindo fornecimento e troca de peças de NO BREAK - PROCESSPOWER – Sistemas de Alimentação Ininterrupta, da marca Accion Power.;14/03/2018;ENGEVISA SERVIÇOS DE ENGENHARIA LTDA – EPP;PJ;07/03/2018;12;Meses;R$9.882,00;fev/16;OK
FAZENDA;PREGÃO ELETRÔNICO;282017;6,0172E+15;EXTRATO DE CONTRATO / NOTA DE EMPENHO;Contratação de instituição/empresa especializada em treinamento e capacitação de pessoas para ministrar o curso “in company” Retenção de ISS/IRRF/INSS, para 05 (cinco) servidores da Secretaria Municipal da Fazenda.;14/09/2018;CONSULTRE CONSULTORIA E TREINAMENTO LTDA EPP;PJ;30/08/2018;12;Meses;R$9.600,00;jan/18;Pregão abandonado
FAZENDA;PREGÃO ELETRÔNICO;292017;6017.20170031018-5  ;EXTRATO DE ADITAMENTO;Contratação de empresa especializada para prestação de serviços de locação de 1 (um) veículo do grupo “B”, tipo executivo, sem motorista, com fornecimento de combustível e quilometragem livre.;30/11/2018;AVANTY TRANSPORTES E LOCAÇÕES EIRELI ME;PJ;13/11/2018;12;Meses;R$65.792,04;42/2017;Pregão abandonado
FAZENDA;PREGÃO ELETRÔNICO;292017;6017.20170031018-5  ;EXTRATO DE CONTRATO / NOTA DE EMPENHO;Contratação de empresa especializada para prestação de serviços de locação de 1 (um) veículo do grupo “B”, tipo executivo, sem motorista, com fornecimento de combustível e quilometragem livre.;14/11/2017;AVANTY TRANSPORTES E LOCAÇÕES - EIRELI - ME;PJ;06/11/2017;12;Meses;R$63.600,00;42/2017;Pregão abandonado
FAZENDA;PREGÃO ELETRÔNICO;312017;6,0172E+15;EXTRATO DE ADITAMENTO;Contratação de empresa especializada na prestação de serviços de operação e manutenção preventiva e corretiva, abrangendo mão de obra, reposição de peças, emprego de ferramentas, gás refrigerante e materiais de consumo para o sistema de climatização tipo VRF (Variable Refrigerant Flow) com condensação a água e nos condicionadores tipo Split Hi Wall, dos equipamentos instalados no Edifício OTHON, prédio sede da Secretaria Municipal da Fazenda.;16/08/2018;SIE SERVIÇOS E CURSOS, COMPERCIO DE PEÇAS INDUSTRI;PJ;08/08/2018;12;Meses;R$330.000,00;47/2017;Pregão abandonado
FAZENDA;PREGÃO ELETRÔNICO;312017;6,0172E+15;EXTRATO DE ADITAMENTO;Contratação de empresa especializada na prestação de serviços de operação e manutenção preventiva e corretiva, abrangendo mão de obra, reposição de peças, emprego de ferramentas, gás refrigerante e materiais de consumo para o sistema de climatização tipo VRF (Variable Refrigerant Flow) com condensação a água e nos condicionadores tipo Split Hi Wall, dos equipamentos instalados no Edifício OTHON, prédio sede da Secretaria Municipal da Fazenda.;20/12/2018;SIE SERVIÇOS E CURSOS, COMÉRCIO DE PEÇAS INDUSTRIA;PJ;06/12/2018;12;Meses;R$341.373,72;47/2017;Pregão abandonado
FAZENDA;PREGÃO ELETRÔNICO;332017;6,0172E+15;EXTRATO DE ADITAMENTO;Objetivando contratação de empresa especializada na prestação de serviços de Controle de Acesso, com efetiva cobertura das portarias e andares, fornecimento de equipamentos de informática para uso dos funcionários da CONTRATADA, emissão de crachás com materiais fornecidos pela CONTRATADA, objetivando o gerenciamento do fluxo de entrada e saída dos usuários ao Edifício Othon, utilizando catracas/cancela e o software de controle e emissão de crachá de propriedade da CONTRATANTE, conforme as características específicas descritas no Termo de Referência - Anexo II do Edital SF/CPL nº 33/2017.;09/02/2019;ZORG – TELECOM COMÉRCIO E SERVIÇOS DE TELECOMUNICA;PJ;05/02/2019;90;Dias;R$112.500,00;mar/18;Pregão abandonado
