Base discricionada - Licitações Pregão Eletrônico (Fazenda);;;;;;;;;
Número Licitação;Data de assinatura;Núm. do Item;Desc Geral;Desc do Item;Qtde;Valor negociado do item;Valor Unitário;Fornecedor;CPF/CNPJ Vencedor
12013;23/01/2013;1;Auditoria em Área Tributária;Contratação de prestação de serviços de auditoria do processo adotado pela Secretaria Municipal de Finanças para a realização dos sorteios eletrônicos previstos na implantação do Programa de Sorteios da Nota Fiscal Paulistana. (12 meses);12;R$74.496,00;R$6.208,00;MACIEL & AUDITORES INDEPENDENTES SS - ME;13.098.174/0001-80 
12013;10/03/2017;1;Auditoria em Área Tributária;Contratação de prestação de serviços de auditoria do processo adotado pela Secretaria Municipal de Finanças para a realização dos sorteios eletrônicos previstos na implantação do Programa de Sorteios da Nota Fiscal Paulistana. (12 meses);12;R$65.697,12;R$5.474,76;MACIEL & AUDITORES INDEPENDENTES SS - ME;13.098.174/0001-80 
12013;28/09/2017;1;Auditoria em Área Tributária;Contratação de prestação de serviços de auditoria do processo adotado pela Secretaria Municipal de Finanças para a realização dos sorteios eletrônicos previstos na implantação do Programa de Sorteios da Nota Fiscal Paulistana. (12 meses);12;R$65.697,12;R$5.474,76;MACIEL & AUDITORES INDEPENDENTES SS - ME;13.098.174/0001-80 
32015;20/03/2015;1;Manutenção de Equipamentos de Microfilmagem;Contratação de serviços de manutenção preventiva e corretiva, conserto e conservação, com substituição de peças defeituosas ou gastas pelo uso regular em 04 (quatro) equipamentos scanner de microfilmagem, conforme especificações contidas no Anexo I do Edital.;12;R$30.900,00;R$2.575,00;REPROGRAF COMERCIAL LTDA - EPP;08.820.802/0001-50
32015;25/05/2017;1;Manutenção de Equipamentos de Microfilmagem;Contratação de serviços de manutenção preventiva e corretiva, conserto e conservação, com substituição de peças defeituosas ou gastas pelo uso regular em 04 (quatro) equipamentos scanner de microfilmagem, conforme especificações contidas no Anexo I do Edital.;12;R$21.355,68;R$1.779,64;REPROGRAF COMERCIAL LTDA - EPP;08.820.802/0001-50
32015;22/05/2018;1;Manutenção de Equipamentos de Microfilmagem;Contratação de serviços de manutenção preventiva e corretiva, conserto e conservação, com substituição de peças defeituosas ou gastas pelo uso regular em 04 (quatro) equipamentos scanner de microfilmagem, conforme especificações contidas no Anexo I do Edital.;12;R$14.237,04;R$1.186,42;REPROGRAF COMERCIAL LTDA - EPP;08.820.802/0001-50
32016;25/05/2016;1;Serviços de Tecnologia da Informação e Apoio Técnico de Atividades de Informática;Contratação de empresa especializada para prestação de serviços de suporte ao usuário, redes e infraestrutura de Tecnologia da Informação (TI) da Secretaria Municipal de Finanças e Desenvolvimento Econômico da Prefeitura de São Paulo, conforme anexo I - Termo de Referência do edital SF/CPL nº 03/2016. Unidade de serviço técnica com valor global de 102.375, ou seja, existe essa disponibilidade no período contratado.;102375;R$3.839.040,00;R$37,50;EWAVE DO BRASIL INFORMATICA LTDA.;07.978.782/0001-87
32016;31/08/2017;1;Serviços de Tecnologia da Informação e Apoio Técnico de Atividades de Informática;Contratação de empresa especializada para prestação de serviços de suporte ao usuário, redes e infraestrutura de Tecnologia da Informação (TI) da Secretaria Municipal de Finanças e Desenvolvimento Econômico da Prefeitura de São Paulo, conforme anexo I - Termo de Referência do edital SF/CPL nº 03/2016. Unidade de serviço técnica com valor global de 87018,75, ou seja, existe essa disponibilidade no período contratado.;87018,75;R$3.263.203,13;R$37,50;EWAVE DO BRASIL INFORMATICA LTDA.;07.978.782/0001-87
32016;24/05/2018;1;Serviços de Tecnologia da Informação e Apoio Técnico de Atividades de Informática;Contratação de empresa especializada para prestação de serviços de suporte ao usuário, redes e infraestrutura de Tecnologia da Informação (TI) da Secretaria Municipal de Finanças e Desenvolvimento Econômico da Prefeitura de São Paulo, conforme anexo I - Termo de Referência do edital SF/CPL nº 03/2016. Unidade de serviço técnica com valor global de 102.375, ou seja, existe essa disponibilidade no período contratado.;19600;R$768.124,00;R$39,19;EWAVE DO BRASIL INFORMATICA LTDA.;07.978.782/0001-87
42013;30/08/2013;1;Ar Condicionado - Manutenção Sistema Central;Contratação de empresa especializada para prestação de serviço de manutenção preventiva e corretiva mensal, com inclusão de peças, inclusive compressores e mini-bombas para dreno (quando houver), em 36 (trinta e seis) aparelhos de ar condicionado da Secretaria Municipal de Finanças e Desenvolvimento Econômico, havendo divergência entre o CATSERV e Edital, prevalecerá o descrito no Anexo I do Edital.;12;R$66.000,00;R$5.500,00;LUIZ GESSIVALDO DE JESUS SILVA - ME; 11.352.787/0001-77
42013;14/04/2017;1;Ar Condicionado - Manutenção Sistema Central;Contratação de empresa especializada para prestação de serviço de manutenção preventiva e corretiva mensal, com inclusão de peças, inclusive compressores e mini-bombas para dreno (quando houver), em 36 (trinta e seis) aparelhos de ar condicionado da Secretaria Municipal de Finanças e Desenvolvimento Econômico, havendo divergência entre o CATSERV e Edital, prevalecerá o descrito no Anexo I do Edital.;12;R$59.968,56;R$4.997,38;LUIZ GESSIVALDO DE JESUS SILVA - ME; 11.352.787/0001-77
42013;12/09/2017;1;Ar Condicionado - Manutenção Sistema Central;Contratação de empresa especializada para prestação de serviço de manutenção preventiva e corretiva mensal, com inclusão de peças, inclusive compressores e mini-bombas para dreno (quando houver), em 36 (trinta e seis) aparelhos de ar condicionado da Secretaria Municipal de Finanças e Desenvolvimento Econômico, havendo divergência entre o CATSERV e Edital, prevalecerá o descrito no Anexo I do Edital.;12;R$62.368,56;R$5.197,38;LUIZ GESSIVALDO DE JESUS SILVA - ME; 11.352.787/0001-77
52016;23/06/2016;1;TABLET;Tablet - Dispositivo de computação portátil em formato de prancheta com tela sensível ao toque com as especificações técnicas de acordo com o Anexo I do Edital SF/CPL nº 05/2016.;15;R$42.195,00;R$2.813,00;HUNTERS DO BRASIL COMERCIAL LTDA - ME;19.743.563/0001-06
62016;19/05/2016;1;Transporte Rodoviário - Pessoal por Automóveis;Contratação de Pessoa Jurídica especializada na intermediação e agenciamento de serviços de táxi (categorias comum e táxi preto) via aplicativo customizável WEB, SMS, Central de Atendimento 24h e mobile com apoio operacional e tratamento de dados, provedores de serviços de aplicação e serviços de hospedagem da internet, provedores de conteúdo e outros serviços de informação na internet, nos termos do anexo I ? Termo de Referência deste Edital.;12;R$550.000,00;R$45.833,33;COOPERATIVA UNIAO SERV DOS TAXISTAS AUTONOMOS DE S.P.;59.558.411/0001-40
62016;06/06/2017;1;Transporte Rodoviário - Pessoal por Automóveis;Contratação de Pessoa Jurídica especializada na intermediação e agenciamento de serviços de táxi (categorias comum e táxi preto) via aplicativo customizável WEB, SMS, Central de Atendimento 24h e mobile com apoio operacional e tratamento de dados, provedores de serviços de aplicação e serviços de hospedagem da internet, provedores de conteúdo e outros serviços de informação na internet, nos termos do anexo I ? Termo de Referência deste Edital.;3;R$116.874,99;R$38.958,33;COOPERATIVA UNIAO SERV DOS TAXISTAS AUTONOMOS DE S.P.;59.558.411/0001-40
72016;05/08/2016;1;Serviço Implatação de Infraestrutura;Máquina Virtual TIPO 1 Configuração Mínima: 01 Núcleo de 2.0 Ghz ou superior, 02 GB de RAM, Licenciamento WINDOWS SERVER 2012 incluso;87600;R$22.776,00;R$0,26;TELTEC SOLUTIONS;04.892.991/0001-15
72016;05/08/2016;2;Serviço Implatação de Infraestrutura;Máquina Virtual TIPO 2 Configuração Mínima: 01 Núcleo de 2.0 Ghz ou superior, 02 GB de RAM, Sistema Operacional CentOS ou Ubuntu Server 14.;87600;R$16.644,00;R$0,19;TELTEC SOLUTIONS;04.892.991/0001-16
72016;05/08/2016;3;Serviço Implatação de Infraestrutura;Máquina Virtual TIPO 3 Configuração Mínima: 02 Núcleos de 2.0 Ghz ou superior, 04 GB de RAM, Licenciamento WINDOWS SERVER 2012 incluso;61320;R$40.471,20;R$0,66;TELTEC SOLUTIONS;04.892.991/0001-17
72016;05/08/2016;4;Serviço Implatação de Infraestrutura;Máquina Virtual TIPO 4 Configuração Mínima: 02 Núcleos de 2.0 Ghz ou superior, 04 GB de RAM, Sistema Operacional CentOS ou Ubuntu Server 14.;61320;R$23.914,80;R$0,39;TELTEC SOLUTIONS;04.892.991/0001-18
72016;05/08/2016;5;Serviço Implatação de Infraestrutura;Máquina Virtual TIPO 5 Configuração Mínima: 04 Núcleos de 2.0 Ghz ou superior, 15 GB de RAM, Licenciamento WINDOWS SERVER 2012 incluso.;43800;R$162.936,00;R$3,72;TELTEC SOLUTIONS;04.892.991/0001-19
72016;05/08/2016;6;Serviço Implatação de Infraestrutura;Máquina Virtual TIPO 6 Configuração Mínima: 04 Núcleos de 2.0 Ghz ou superior, 15 GB de RAM, Sistema Operacional CentOS ou Ubuntu Server 14.;43800;R$57.816,00;R$1,32;TELTEC SOLUTIONS;04.892.991/0001-20
72016;05/08/2016;7;Serviço Implatação de Infraestrutura;Máquina Virtual TIPO 7 Configuração Mínima: 08 Núcleos de 2.0 Ghz ou superior, 15 GB de RAM, Licenciamento WINDOWS SERVER 2012 incluso;35040;R$202.531,20;R$5,78;TELTEC SOLUTIONS;04.892.991/0001-21
72016;05/08/2016;8;Serviço Implatação de Infraestrutura;Máquina Virtual TIPO 8 Configuração Mínima: 08 Núcleos de 2.0 Ghz ou superior, 15 GB de RAM, Sistema Operacional CentOS ou Ubuntu Server 14.;35040;R$99.864,00;R$2,85;TELTEC SOLUTIONS;04.892.991/0001-22
72016;05/08/2016;9;Serviço Implatação de Infraestrutura;Balanceador de Carga A CONTRATADA deverá ofertar um serviço de balanceamento que distribua, automaticamente, o tráfego de entrada dos aplicativos em várias máquinas virtuais.;105020;R$23.126,40;R$0,22;TELTEC SOLUTIONS;04.892.991/0001-23
72016;05/08/2016;10;Serviço Implatação de Infraestrutura;Storage por Volume com mecanismo de cópia (snapshot) de volumes, permitindo a criação de novos volumes a partir da cópia e prover mecanismo de persistência do volume independente das máquinas virtuais.;84000;R$66.360,00;R$0,79;TELTEC SOLUTIONS;04.892.991/0001-24
72016;05/08/2016;11;Serviço Implatação de Infraestrutura;Storage por Objeto deverá prover o mecanismo de armazenamento de objetos estáticos e oferecer uma interface Web acessível via HTTP para armazenar e recuperar qualquer quantidade de dados.;96000;R$30.720,00;R$0,32;TELTEC SOLUTIONS;04.892.991/0001-25
72016;05/08/2016;12;Serviço Implatação de Infraestrutura;VPN permitindo configurar conexão site-to-site.;52560;R$16.819,20;R$0,32;TELTEC SOLUTIONS;04.892.991/0001-26
72016;05/08/2016;13;Serviço Implatação de Infraestrutura;Transferência de dados devendo fornecer serviço de transferência de dados da nuvem para a internet, sendo mensurado por GB transferido por mês.;36000;R$59.760,00;R$1,66;TELTEC SOLUTIONS;04.892.991/0001-27
72016;05/08/2016;14;Serviço Implatação de Infraestrutura;Alocação de IP na Internet devendo ser possível associar endereço IPv4 roteáveis na internet a máquinas virtuais em execução.;157680;R$1.576,80;R$0,01;TELTEC SOLUTIONS;04.892.991/0001-28
72016;05/08/2016;15;Consultoria e Assessoria - Tecnologia Informação;Banco de Horas devendo ofertar valor hora para utilização de banco de horas que compreende: a disponibilização de consultoria de profissionais técnicos especializados nos serviços adquiridos nesta solução para suportar a operação do ambiente (planejamento técnico de atividades, dúvidas, passagem de conhecimento, configurações adicionais no ambiente) em conjunto com a CONTRATANTE durante os 12 meses após a contratação, no horário comercial.;192;R$41.472,00;R$216,00;TELTEC SOLUTIONS;04.892.991/0001-29
72016;03/08/2018;1;Serviço Implatação de Infraestrutura;Máquina Virtual TIPO 1 Configuração Mínima: 01 Núcleo de 2.0 Ghz ou superior, 02 GB de RAM, Licenciamento WINDOWS SERVER 2012 incluso;14600;R$3.796,00;R$0,26;TELTEC SOLUTIONS;04.892.991/0001-29
72016;03/08/2018;2;Serviço Implatação de Infraestrutura;Máquina Virtual TIPO 2 Configuração Mínima: 01 Núcleo de 2.0 Ghz ou superior, 02 GB de RAM, Sistema Operacional CentOS ou Ubuntu Server 14.;14600;R$2.274,00;R$0,16;TELTEC SOLUTIONS;04.892.991/0001-29
72016;03/08/2018;3;Serviço Implatação de Infraestrutura;Máquina Virtual TIPO 3 Configuração Mínima: 02 Núcleos de 2.0 Ghz ou superior, 04 GB de RAM, Licenciamento WINDOWS SERVER 2012 incluso;10220;R$6.745,20;R$0,66;TELTEC SOLUTIONS;04.892.991/0001-29
72016;03/08/2018;4;Serviço Implatação de Infraestrutura;Máquina Virtual TIPO 4 Configuração Mínima: 02 Núcleos de 2.0 Ghz ou superior, 04 GB de RAM, Sistema Operacional CentOS ou Ubuntu Server 14.;10220;R$3.985,80;R$0,39;TELTEC SOLUTIONS;04.892.991/0001-29
72016;03/08/2018;5;Serviço Implatação de Infraestrutura;Máquina Virtual TIPO 5 Configuração Mínima: 04 Núcleos de 2.0 Ghz ou superior, 15 GB de RAM, Licenciamento WINDOWS SERVER 2012 incluso.;5840;R$21.724,80;R$3,72;TELTEC SOLUTIONS;04.892.991/0001-29
72016;03/08/2018;6;Serviço Implatação de Infraestrutura;Máquina Virtual TIPO 6 Configuração Mínima: 04 Núcleos de 2.0 Ghz ou superior, 15 GB de RAM, Sistema Operacional CentOS ou Ubuntu Server 14.;5840;R$7.708,80;R$1,32;TELTEC SOLUTIONS;04.892.991/0001-29
72016;03/08/2018;7;Serviço Implatação de Infraestrutura;Máquina Virtual TIPO 7 Configuração Mínima: 08 Núcleos de 2.0 Ghz ou superior, 15 GB de RAM, Licenciamento WINDOWS SERVER 2012 incluso;4380;R$25.316,40;R$5,78;TELTEC SOLUTIONS;04.892.991/0001-29
72016;03/08/2018;8;Serviço Implatação de Infraestrutura;Máquina Virtual TIPO 8 Configuração Mínima: 08 Núcleos de 2.0 Ghz ou superior, 15 GB de RAM, Sistema Operacional CentOS ou Ubuntu Server 14.;4380;R$12.483,00;R$2,85;TELTEC SOLUTIONS;04.892.991/0001-29
72016;03/08/2018;9;Serviço Implatação de Infraestrutura;Balanceador de Carga A CONTRATADA deverá ofertar um serviço de balanceamento que distribua, automaticamente, o tráfego de entrada dos aplicativos em várias máquinas virtuais.;11680;R$2.569,60;R$0,22;TELTEC SOLUTIONS;04.892.991/0001-29
72016;03/08/2018;10;Serviço Implatação de Infraestrutura;Storage por Volume com mecanismo de cópia (snapshot) de volumes, permitindo a criação de novos volumes a partir da cópia e prover mecanismo de persistência do volume independente das máquinas virtuais.;14000;R$11.060,00;R$0,79;TELTEC SOLUTIONS;04.892.991/0001-29
72016;03/08/2018;11;Serviço Implatação de Infraestrutura;Storage por Objeto deverá prover o mecanismo de armazenamento de objetos estáticos e oferecer uma interface Web acessível via HTTP para armazenar e recuperar qualquer quantidade de dados.;15400;R$4.928,00;R$0,32;TELTEC SOLUTIONS;04.892.991/0001-29
72016;03/08/2018;12;Serviço Implatação de Infraestrutura;VPN permitindo configurar conexão site-to-site.;8760;R$2.803,00;R$0,32;TELTEC SOLUTIONS;04.892.991/0001-29
72016;03/08/2018;13;Serviço Implatação de Infraestrutura;Transferência de dados devendo fornecer serviço de transferência de dados da nuvem para a internet, sendo mensurado por GB transferido por mês.;6000;R$9.960,00;R$1,66;TELTEC SOLUTIONS;04.892.991/0001-29
72016;03/08/2018;14;Serviço Implatação de Infraestrutura;Alocação de IP na Internet devendo ser possível associar endereço IPv4 roteáveis na internet a máquinas virtuais em execução.;26280;R$262,80;R$0,01;TELTEC SOLUTIONS;04.892.991/0001-29
72016;03/08/2018;15;Consultoria e Assessoria - Tecnologia Informação;Banco de Horas devendo ofertar valor hora para utilização de banco de horas que compreende: a disponibilização de consultoria de profissionais técnicos especializados nos serviços adquiridos nesta solução para suportar a operação do ambiente (planejamento técnico de atividades, dúvidas, passagem de conhecimento, configurações adicionais no ambiente) em conjunto com a CONTRATANTE durante os 12 meses após a contratação, no horário comercial.;32;R$6.912,00;R$216,00;TELTEC SOLUTIONS;04.892.991/0001-29
72016;05/08/2017;1;Serviço Implatação de Infraestrutura;Máquina Virtual TIPO 1 Configuração Mínima: 01 Núcleo de 2.0 Ghz ou superior, 02 GB de RAM, Licenciamento WINDOWS SERVER 2012 incluso;87600;R$22.776,00;R$0,26;TELTEC SOLUTIONS;04.892.991/0001-29
72016;05/08/2017;2;Serviço Implatação de Infraestrutura;Máquina Virtual TIPO 2 Configuração Mínima: 01 Núcleo de 2.0 Ghz ou superior, 02 GB de RAM, Sistema Operacional CentOS ou Ubuntu Server 14.;87600;R$16.644,00;R$0,19;TELTEC SOLUTIONS;04.892.991/0001-29
72016;05/08/2017;3;Serviço Implatação de Infraestrutura;Máquina Virtual TIPO 3 Configuração Mínima: 02 Núcleos de 2.0 Ghz ou superior, 04 GB de RAM, Licenciamento WINDOWS SERVER 2012 incluso;61320;R$40.471,20;R$0,66;TELTEC SOLUTIONS;04.892.991/0001-29
72016;05/08/2017;4;Serviço Implatação de Infraestrutura;Máquina Virtual TIPO 4 Configuração Mínima: 02 Núcleos de 2.0 Ghz ou superior, 04 GB de RAM, Sistema Operacional CentOS ou Ubuntu Server 14.;61320;R$23.914,80;R$0,39;TELTEC SOLUTIONS;04.892.991/0001-29
72016;05/08/2017;5;Serviço Implatação de Infraestrutura;Máquina Virtual TIPO 5 Configuração Mínima: 04 Núcleos de 2.0 Ghz ou superior, 15 GB de RAM, Licenciamento WINDOWS SERVER 2012 incluso.;35040;R$130.348,80;R$3,72;TELTEC SOLUTIONS;04.892.991/0001-29
72016;05/08/2017;6;Serviço Implatação de Infraestrutura;Máquina Virtual TIPO 6 Configuração Mínima: 04 Núcleos de 2.0 Ghz ou superior, 15 GB de RAM, Sistema Operacional CentOS ou Ubuntu Server 14.;35040;R$46.252,80;R$1,32;TELTEC SOLUTIONS;04.892.991/0001-29
72016;05/08/2017;7;Serviço Implatação de Infraestrutura;Máquina Virtual TIPO 7 Configuração Mínima: 08 Núcleos de 2.0 Ghz ou superior, 15 GB de RAM, Licenciamento WINDOWS SERVER 2012 incluso;26280;R$151.898,40;R$5,78;TELTEC SOLUTIONS;04.892.991/0001-29
72016;05/08/2017;8;Serviço Implatação de Infraestrutura;Máquina Virtual TIPO 8 Configuração Mínima: 08 Núcleos de 2.0 Ghz ou superior, 15 GB de RAM, Sistema Operacional CentOS ou Ubuntu Server 14.;26280;R$74.898,00;R$2,85;TELTEC SOLUTIONS;04.892.991/0001-29
72016;05/08/2017;9;Serviço Implatação de Infraestrutura;Balanceador de Carga A CONTRATADA deverá ofertar um serviço de balanceamento que distribua, automaticamente, o tráfego de entrada dos aplicativos em várias máquinas virtuais.;70080;R$15.417,60;R$0,22;TELTEC SOLUTIONS;04.892.991/0001-29
72016;05/08/2017;10;Serviço Implatação de Infraestrutura;Storage por Volume com mecanismo de cópia (snapshot) de volumes, permitindo a criação de novos volumes a partir da cópia e prover mecanismo de persistência do volume independente das máquinas virtuais.;84000;R$66.360,00;R$0,79;TELTEC SOLUTIONS;04.892.991/0001-29
72016;05/08/2017;11;Serviço Implatação de Infraestrutura;Storage por Objeto deverá prover o mecanismo de armazenamento de objetos estáticos e oferecer uma interface Web acessível via HTTP para armazenar e recuperar qualquer quantidade de dados.;92400;R$29.568,00;R$0,32;TELTEC SOLUTIONS;04.892.991/0001-29
72016;05/08/2017;12;Serviço Implatação de Infraestrutura;VPN permitindo configurar conexão site-to-site.;52560;R$16.819,20;R$0,32;TELTEC SOLUTIONS;04.892.991/0001-29
72016;05/08/2017;13;Serviço Implatação de Infraestrutura;Transferência de dados devendo fornecer serviço de transferência de dados da nuvem para a internet, sendo mensurado por GB transferido por mês.;36000;R$59.760,00;R$1,66;TELTEC SOLUTIONS;04.892.991/0001-29
72016;05/08/2017;14;Serviço Implatação de Infraestrutura;Alocação de IP na Internet devendo ser possível associar endereço IPv4 roteáveis na internet a máquinas virtuais em execução.;157680;R$1.576,80;R$0,01;TELTEC SOLUTIONS;04.892.991/0001-29
72016;05/08/2017;15;Consultoria e Assessoria - Tecnologia Informação;Banco de Horas devendo ofertar valor hora para utilização de banco de horas que compreende: a disponibilização de consultoria de profissionais técnicos especializados nos serviços adquiridos nesta solução para suportar a operação do ambiente (planejamento técnico de atividades, dúvidas, passagem de conhecimento, configurações adicionais no ambiente) em conjunto com a CONTRATANTE durante os 12 meses após a contratação, no horário comercial.;192;R$41.472,00;R$216,00;TELTEC SOLUTIONS;04.892.991/0001-29
82013;23/05/2013;1;Prestação de Serviço de Vigilância e Segurança - Orgânica - Outras Necessidades;Contratação de empresa especializada na prestação de serviço de VIGILÂNCIA/SEGURANÇA PATRIMONIAL, ARMADA E DESARMADA, conforme as especificações descritas no Anexo I do Edital SF/CPL 08/2013. Critério de Julgamento Menor Preço Total Mensal.;1;R$109.987,92;R$109.987,92;COPSEG SEGURANCA E VIGILANCIA LTDA;03.038.653/0001-58
82013;12/09/2018;1;Prestação de Serviço de Vigilância e Segurança - Orgânica - Outras Necessidades;Posto 12 horas ininterruptas, diurno, desarmado, segunda a sexta;3;R$41.115,39;R$13.705,13;COPSEG SEGURANCA E VIGILANCIA LTDA;03.038.653/0001-58
82013;12/09/2018;2;Prestação de Serviço de Vigilância e Segurança - Orgânica - Outras Necessidades;Posto 12 horas ininterruptas, diurno, armado, sábado a domingo;3;R$15.373,32;R$5.124,44;COPSEG SEGURANCA E VIGILANCIA LTDA;03.038.653/0001-58
82013;12/09/2018;3;Prestação de Serviço de Vigilância e Segurança - Orgânica - Outras Necessidades;Posto 12 horas ininterruptas, diurno, desarmado, segunda a sexta;3;R$123.346,23;R$41.115,41;COPSEG SEGURANCA E VIGILANCIA LTDA;03.038.653/0001-58
82013;12/09/2018;4;Prestação de Serviço de Vigilância e Segurança - Orgânica - Outras Necessidades;Posto 12 horas ininterruptas, diurno, desarmado, segunda a domingo;3;R$28.824,96;R$9.608,32;COPSEG SEGURANCA E VIGILANCIA LTDA;03.038.653/0001-58
82013;12/09/2018;5;Prestação de Serviço de Vigilância e Segurança - Orgânica - Outras Necessidades;Posto 12 horas ininterruptas, diurno, armado, segunda a domingo;3;R$28.824,96;R$9.608,32;COPSEG SEGURANCA E VIGILANCIA LTDA;03.038.653/0001-58
82013;12/09/2018;6;Prestação de Serviço de Vigilância e Segurança - Orgânica - Outras Necessidades;Posto 12 horas ininterruptas, noturno, desarmado, segunda a domingo;3;R$32.853,60;R$10.951,20;COPSEG SEGURANCA E VIGILANCIA LTDA;03.038.653/0001-58
82013;12/09/2018;7;Prestação de Serviço de Vigilância e Segurança - Orgânica - Outras Necessidades;Posto 12 horas ininterruptas, noturno, armado, segunda a domingo;3;R$98.560,80;R$32.853,60;COPSEG SEGURANCA E VIGILANCIA LTDA;03.038.653/0001-58
82013;13/06/2017;1;Prestação de Serviço de Vigilância e Segurança - Orgânica - Outras Necessidades;Contratação de empresa especializada na prestação de serviço de VIGILÂNCIA/SEGURANÇA PATRIMONIAL, ARMADA E DESARMADA, conforme as especificações descritas no Anexo I do Edital SF/CPL 08/2013. Critério de Julgamento Menor Preço Total Mensal.;12;R$1.436.061,55;R$119.671,80;COPSEG SEGURANCA E VIGILANCIA LTDA;03.038.653/0001-58
82016;11/08/2016;1;CENTRAL TELEFÔNICA ANALÓGICA DIGITAL;Sistema de Comunicação Baseado em IP de acordo com o Anexo I do Termo de Referência do edital;1;R$97.644,00;R$97.644,00;REDISUL INFORMATICA LTDA;78.931.474/0001-44
82016;11/08/2016;2;UNIDADE SUBCOMPONENTE DE CENTRAL TELEFONICA;Gateways E1 e Session Border Controller de acordo com o Anexo I do Termo de Referência do edital;1;R$250.000,00;R$250.000,00;REDISUL INFORMATICA LTDA;78.931.474/0001-44
82016;11/08/2016;3;CENTRAL TELEFÔNICA - COMPONENTE / ACESSÓRIO;Portas FXS de acordo com o Anexo I do Termo de Referência do edital;88;R$24.640,00;R$280,00;REDISUL INFORMATICA LTDA;78.931.474/0001-44
82016;11/08/2016;4;CENTRAL TELEFÔNICA - COMPONENTE / ACESSÓRIO;Adaptador de Telefonia Analógica de acordo com o Anexo I do Termo de Referência do edital;2;R$6.600,00;R$3.300,00;REDISUL INFORMATICA LTDA;78.931.474/0001-44
82016;11/08/2016;5;UNIDADE SUBCOMPONENTE DE CENTRAL TELEFONICA;Gateway de Telefonia Celular de acordo com o Anexo I do Termo de Referência do edital;1;R$42.300,00;R$42.300,00;REDISUL INFORMATICA LTDA;78.931.474/0001-44
82016;11/08/2016;6;UNIDADE SUBCOMPONENTE DE CENTRAL TELEFONICA;Sistema de Tarifação e Bilhetagem de acordo com o Anexo I do Termo de Referência do edital;1;R$36.206,00;R$36.206,00;REDISUL INFORMATICA LTDA;78.931.474/0001-44
82016;11/08/2016;7;APARELHO TELEFÔNICO;Telefone IP Básico de acordo com o Anexo I do Termo de Referência do edital;1400;R$799.988,00;R$571,42;REDISUL INFORMATICA LTDA;78.931.474/0001-44
82016;11/08/2016;8;APARELHO TELEFÔNICO;Telefone IP Intermediário de acordo com o Anexo I do Termo de Referência do edital;30;R$26.730,00;R$891,00;REDISUL INFORMATICA LTDA;78.931.474/0001-44
82016;11/08/2016;9;APARELHO TELEFÔNICO;Telefone IP Avançado de acordo com o Anexo I do Termo de Referência do edital;20;R$42.000,00;R$2.100,00;REDISUL INFORMATICA LTDA;78.931.474/0001-44
82016;11/08/2016;10;APARELHO TELEFÔNICO;Telefonia IP para audioconferência de acordo com o Anexo I do Termo de Referência do edital;25;R$50.000,00;R$2.000,00;REDISUL INFORMATICA LTDA;78.931.474/0001-44
82016;11/08/2016;11;Serviço de Licença pelo Uso de Software;Licença Ramal Analógico de acordo com o Anexo I do Termo de Referência do edital;88;R$7.920,00;R$90,00;REDISUL INFORMATICA LTDA;78.931.474/0001-44
82016;11/08/2016;12;Serviço de Licença pelo Uso de Software;Licença de Usuário básico de acordo com o Anexo I do Termo de Referência do edital;250;R$210.000,00;R$840,00;REDISUL INFORMATICA LTDA;78.931.474/0001-44
82016;11/08/2016;13;Serviço de Licença pelo Uso de Software;Licença de usuário intermediário de acordo com o Anexo I do Termo de Referência do edital;1366;R$1.089.999,70;R$797,95;REDISUL INFORMATICA LTDA;78.931.474/0001-44
82016;11/08/2016;14;Serviço de Licença pelo Uso de Software;Licença de usuário avançado de acordo com o Anexo I do Termo de Referência do edital;20;R$37.840,00;R$1.892,00;REDISUL INFORMATICA LTDA;78.931.474/0001-44
82016;11/08/2016;15;Serviço Implatação de Infraestrutura;Serviço de implantação de acordo com o Anexo I do Termo de Referência do edital;1;R$300.000,00;R$300.000,00;REDISUL INFORMATICA LTDA;78.931.474/0001-44
82016;11/08/2016;16;Curso Aperfeiçoamento / Especialização Profissional;Capacitação técnica de acordo com o Anexo I do Termo de Referência do edital;1;R$71.000,00;R$71.000,00;REDISUL INFORMATICA LTDA;78.931.474/0001-44
82016;11/08/2016;17;Informática - Administração e Operação em Processamento de Dados;Serviço de Migração de usuários de acordo com o Anexo I do Termo de Referência do edital;50;R$112.900,00;R$2.258,00;REDISUL INFORMATICA LTDA;78.931.474/0001-44
82016;11/08/2016;18;Informática - Administração e Operação em Processamento de Dados;Operação assistida de acordo com o Anexo I do Termo de Referência do edital;320;R$121.600,00;R$380,00;REDISUL INFORMATICA LTDA;78.931.474/0001-44
82016;10/08/2018;1;CENTRAL TELEFÔNICA ANALÓGICA DIGITAL;Sistema de Comunicação Baseado em IP de acordo com o Anexo I do Termo de Referência do edital;1;R$97.644,00;R$97.644,00;REDISUL INFORMATICA LTDA;78.931.474/0001-44
82016;10/08/2018;2;UNIDADE SUBCOMPONENTE DE CENTRAL TELEFONICA;Gateways E1 e Session Border Controller de acordo com o Anexo I do Termo de Referência do edital;1;R$250.000,00;R$250.000,00;REDISUL INFORMATICA LTDA;78.931.474/0001-44
82016;10/08/2018;3;CENTRAL TELEFÔNICA - COMPONENTE / ACESSÓRIO;Portas FXS de acordo com o Anexo I do Termo de Referência do edital;88;R$24.640,00;R$280,00;REDISUL INFORMATICA LTDA;78.931.474/0001-44
82016;10/08/2018;4;CENTRAL TELEFÔNICA - COMPONENTE / ACESSÓRIO;Adaptador de Telefonia Analógica de acordo com o Anexo I do Termo de Referência do edital;2;R$6.600,00;R$3.300,00;REDISUL INFORMATICA LTDA;78.931.474/0001-44
82016;10/08/2018;5;UNIDADE SUBCOMPONENTE DE CENTRAL TELEFONICA;Gateway de Telefonia Celular de acordo com o Anexo I do Termo de Referência do edital;1;R$42.300,00;R$42.300,00;REDISUL INFORMATICA LTDA;78.931.474/0001-44
82016;10/08/2018;6;UNIDADE SUBCOMPONENTE DE CENTRAL TELEFONICA;Sistema de Tarifação e Bilhetagem de acordo com o Anexo I do Termo de Referência do edital;1;R$36.206,00;R$36.206,00;REDISUL INFORMATICA LTDA;78.931.474/0001-44
82016;10/08/2018;7;APARELHO TELEFÔNICO;Telefone IP Básico de acordo com o Anexo I do Termo de Referência do edital;1400;R$799.988,00;R$571,42;REDISUL INFORMATICA LTDA;78.931.474/0001-44
82016;10/08/2018;8;APARELHO TELEFÔNICO;Telefone IP Intermediário de acordo com o Anexo I do Termo de Referência do edital;30;R$26.730,00;R$891,00;REDISUL INFORMATICA LTDA;78.931.474/0001-44
82016;10/08/2018;9;APARELHO TELEFÔNICO;Telefone IP Avançado de acordo com o Anexo I do Termo de Referência do edital;20;R$42.000,00;R$2.100,00;REDISUL INFORMATICA LTDA;78.931.474/0001-44
82016;10/08/2018;10;APARELHO TELEFÔNICO;Telefonia IP para audioconferência de acordo com o Anexo I do Termo de Referência do edital;25;R$50.000,00;R$2.000,00;REDISUL INFORMATICA LTDA;78.931.474/0001-44
82016;10/08/2018;11;Serviço de Licença pelo Uso de Software;Licença Ramal Analógico de acordo com o Anexo I do Termo de Referência do edital;88;R$7.920,00;R$90,00;REDISUL INFORMATICA LTDA;78.931.474/0001-44
82016;10/08/2018;12;Serviço de Licença pelo Uso de Software;Licença de Usuário básico de acordo com o Anexo I do Termo de Referência do edital;250;R$210.000,00;R$840,00;REDISUL INFORMATICA LTDA;78.931.474/0001-44
82016;10/08/2018;13;Serviço de Licença pelo Uso de Software;Licença de usuário intermediário de acordo com o Anexo I do Termo de Referência do edital;1366;R$1.089.999,70;R$797,95;REDISUL INFORMATICA LTDA;78.931.474/0001-44
82016;10/08/2018;14;Serviço de Licença pelo Uso de Software;Licença de usuário avançado de acordo com o Anexo I do Termo de Referência do edital;20;R$37.840,00;R$1.892,00;REDISUL INFORMATICA LTDA;78.931.474/0001-44
82016;10/08/2018;15;Serviço Implatação de Infraestrutura;Serviço de implantação de acordo com o Anexo I do Termo de Referência do edital;1;R$300.000,00;R$300.000,00;REDISUL INFORMATICA LTDA;78.931.474/0001-44
82016;10/08/2018;16;Curso Aperfeiçoamento / Especialização Profissional;Capacitação técnica de acordo com o Anexo I do Termo de Referência do edital;1;R$71.000,00;R$71.000,00;REDISUL INFORMATICA LTDA;78.931.474/0001-44
82016;10/08/2018;17;Informática - Administração e Operação em Processamento de Dados;Serviço de Migração de usuários de acordo com o Anexo I do Termo de Referência do edital;50;R$112.900,00;R$2.258,00;REDISUL INFORMATICA LTDA;78.931.474/0001-44
82016;10/08/2018;18;Informática - Administração e Operação em Processamento de Dados;Operação assistida de acordo com o Anexo I do Termo de Referência do edital;284,8;R$75.775,00;R$266,06;REDISUL INFORMATICA LTDA;78.931.474/0001-44
82016;14/06/2017;1;CENTRAL TELEFÔNICA ANALÓGICA DIGITAL;Sistema de Comunicação Baseado em IP de acordo com o Anexo I do Termo de Referência do edital;1;R$97.644,00;R$97.644,00;REDISUL INFORMATICA LTDA;78.931.474/0001-44
82016;14/06/2017;2;UNIDADE SUBCOMPONENTE DE CENTRAL TELEFONICA;Gateways E1 e Session Border Controller de acordo com o Anexo I do Termo de Referência do edital;1;R$250.000,00;R$250.000,00;REDISUL INFORMATICA LTDA;78.931.474/0001-44
82016;14/06/2017;3;CENTRAL TELEFÔNICA - COMPONENTE / ACESSÓRIO;Portas FXS de acordo com o Anexo I do Termo de Referência do edital;88;R$24.640,00;R$280,00;REDISUL INFORMATICA LTDA;78.931.474/0001-44
82016;14/06/2017;4;CENTRAL TELEFÔNICA - COMPONENTE / ACESSÓRIO;Adaptador de Telefonia Analógica de acordo com o Anexo I do Termo de Referência do edital;2;R$6.600,00;R$3.300,00;REDISUL INFORMATICA LTDA;78.931.474/0001-44
82016;14/06/2017;5;UNIDADE SUBCOMPONENTE DE CENTRAL TELEFONICA;Gateway de Telefonia Celular de acordo com o Anexo I do Termo de Referência do edital;1;R$42.300,00;R$42.300,00;REDISUL INFORMATICA LTDA;78.931.474/0001-44
82016;14/06/2017;6;UNIDADE SUBCOMPONENTE DE CENTRAL TELEFONICA;Sistema de Tarifação e Bilhetagem de acordo com o Anexo I do Termo de Referência do edital;1;R$36.206,00;R$36.206,00;REDISUL INFORMATICA LTDA;78.931.474/0001-44
82016;14/06/2017;7;APARELHO TELEFÔNICO;Telefone IP Básico de acordo com o Anexo I do Termo de Referência do edital;1400;R$799.988,00;R$571,42;REDISUL INFORMATICA LTDA;78.931.474/0001-44
82016;14/06/2017;8;APARELHO TELEFÔNICO;Telefone IP Intermediário de acordo com o Anexo I do Termo de Referência do edital;30;R$26.730,00;R$891,00;REDISUL INFORMATICA LTDA;78.931.474/0001-44
82016;14/06/2017;9;APARELHO TELEFÔNICO;Telefone IP Avançado de acordo com o Anexo I do Termo de Referência do edital;20;R$42.000,00;R$2.100,00;REDISUL INFORMATICA LTDA;78.931.474/0001-44
82016;14/06/2017;10;APARELHO TELEFÔNICO;Telefonia IP para audioconferência de acordo com o Anexo I do Termo de Referência do edital;25;R$50.000,00;R$2.000,00;REDISUL INFORMATICA LTDA;78.931.474/0001-44
82016;14/06/2017;11;Serviço de Licença pelo Uso de Software;Licença Ramal Analógico de acordo com o Anexo I do Termo de Referência do edital;88;R$7.920,00;R$90,00;REDISUL INFORMATICA LTDA;78.931.474/0001-44
82016;14/06/2017;12;Serviço de Licença pelo Uso de Software;Licença de Usuário básico de acordo com o Anexo I do Termo de Referência do edital;250;R$210.000,00;R$840,00;REDISUL INFORMATICA LTDA;78.931.474/0001-44
82016;14/06/2017;13;Serviço de Licença pelo Uso de Software;Licença de usuário intermediário de acordo com o Anexo I do Termo de Referência do edital;1366;R$1.089.999,70;R$797,95;REDISUL INFORMATICA LTDA;78.931.474/0001-44
82016;14/06/2017;14;Serviço de Licença pelo Uso de Software;Licença de usuário avançado de acordo com o Anexo I do Termo de Referência do edital;20;R$37.840,00;R$1.892,00;REDISUL INFORMATICA LTDA;78.931.474/0001-44
82016;14/06/2017;15;Serviço Implatação de Infraestrutura;Serviço de implantação de acordo com o Anexo I do Termo de Referência do edital;1;R$300.000,00;R$300.000,00;REDISUL INFORMATICA LTDA;78.931.474/0001-44
82016;14/06/2017;16;Curso Aperfeiçoamento / Especialização Profissional;Capacitação técnica de acordo com o Anexo I do Termo de Referência do edital;1;R$71.000,00;R$71.000,00;REDISUL INFORMATICA LTDA;78.931.474/0001-44
82016;14/06/2017;17;Informática - Administração e Operação em Processamento de Dados;Serviço de Migração de usuários de acordo com o Anexo I do Termo de Referência do edital;50;R$112.900,00;R$2.258,00;REDISUL INFORMATICA LTDA;78.931.474/0001-44
82016;14/06/2017;18;Informática - Administração e Operação em Processamento de Dados;Operação assistida de acordo com o Anexo I do Termo de Referência do edital;284,8;R$75.775,00;R$266,06;REDISUL INFORMATICA LTDA;78.931.474/0001-44
82016;01/08/2017;1;CENTRAL TELEFÔNICA ANALÓGICA DIGITAL;Sistema de Comunicação Baseado em IP de acordo com o Anexo I do Termo de Referência do edital;1;R$97.644,00;R$97.644,00;REDISUL INFORMATICA LTDA;78.931.474/0001-44
82016;01/08/2017;2;UNIDADE SUBCOMPONENTE DE CENTRAL TELEFONICA;Gateways E1 e Session Border Controller de acordo com o Anexo I do Termo de Referência do edital;1;R$250.000,00;R$250.000,00;REDISUL INFORMATICA LTDA;78.931.474/0001-44
82016;01/08/2017;3;CENTRAL TELEFÔNICA - COMPONENTE / ACESSÓRIO;Portas FXS de acordo com o Anexo I do Termo de Referência do edital;88;R$24.640,00;R$280,00;REDISUL INFORMATICA LTDA;78.931.474/0001-44
82016;01/08/2017;4;CENTRAL TELEFÔNICA - COMPONENTE / ACESSÓRIO;Adaptador de Telefonia Analógica de acordo com o Anexo I do Termo de Referência do edital;2;R$6.600,00;R$3.300,00;REDISUL INFORMATICA LTDA;78.931.474/0001-44
82016;01/08/2017;5;UNIDADE SUBCOMPONENTE DE CENTRAL TELEFONICA;Gateway de Telefonia Celular de acordo com o Anexo I do Termo de Referência do edital;1;R$42.300,00;R$42.300,00;REDISUL INFORMATICA LTDA;78.931.474/0001-44
82016;01/08/2017;6;UNIDADE SUBCOMPONENTE DE CENTRAL TELEFONICA;Sistema de Tarifação e Bilhetagem de acordo com o Anexo I do Termo de Referência do edital;1;R$36.206,00;R$36.206,00;REDISUL INFORMATICA LTDA;78.931.474/0001-44
82016;01/08/2017;7;APARELHO TELEFÔNICO;Telefone IP Básico de acordo com o Anexo I do Termo de Referência do edital;1400;R$799.988,00;R$571,42;REDISUL INFORMATICA LTDA;78.931.474/0001-44
82016;01/08/2017;8;APARELHO TELEFÔNICO;Telefone IP Intermediário de acordo com o Anexo I do Termo de Referência do edital;30;R$26.730,00;R$891,00;REDISUL INFORMATICA LTDA;78.931.474/0001-44
82016;01/08/2017;9;APARELHO TELEFÔNICO;Telefone IP Avançado de acordo com o Anexo I do Termo de Referência do edital;20;R$42.000,00;R$2.100,00;REDISUL INFORMATICA LTDA;78.931.474/0001-44
82016;01/08/2017;10;APARELHO TELEFÔNICO;Telefonia IP para audioconferência de acordo com o Anexo I do Termo de Referência do edital;25;R$50.000,00;R$2.000,00;REDISUL INFORMATICA LTDA;78.931.474/0001-44
82016;01/08/2017;11;Serviço de Licença pelo Uso de Software;Licença Ramal Analógico de acordo com o Anexo I do Termo de Referência do edital;88;R$7.920,00;R$90,00;REDISUL INFORMATICA LTDA;78.931.474/0001-44
82016;01/08/2017;12;Serviço de Licença pelo Uso de Software;Licença de Usuário básico de acordo com o Anexo I do Termo de Referência do edital;250;R$210.000,00;R$840,00;REDISUL INFORMATICA LTDA;78.931.474/0001-44
82016;01/08/2017;13;Serviço de Licença pelo Uso de Software;Licença de usuário intermediário de acordo com o Anexo I do Termo de Referência do edital;1366;R$1.089.999,70;R$797,95;REDISUL INFORMATICA LTDA;78.931.474/0001-44
82016;01/08/2017;14;Serviço de Licença pelo Uso de Software;Licença de usuário avançado de acordo com o Anexo I do Termo de Referência do edital;20;R$37.840,00;R$1.892,00;REDISUL INFORMATICA LTDA;78.931.474/0001-44
82016;01/08/2017;15;Serviço Implatação de Infraestrutura;Serviço de implantação de acordo com o Anexo I do Termo de Referência do edital;1;R$300.000,00;R$300.000,00;REDISUL INFORMATICA LTDA;78.931.474/0001-44
82016;01/08/2017;16;Curso Aperfeiçoamento / Especialização Profissional;Capacitação técnica de acordo com o Anexo I do Termo de Referência do edital;1;R$71.000,00;R$71.000,00;REDISUL INFORMATICA LTDA;78.931.474/0001-44
82016;01/08/2017;17;Informática - Administração e Operação em Processamento de Dados;Serviço de Migração de usuários de acordo com o Anexo I do Termo de Referência do edital;50;R$112.900,00;R$2.258,00;REDISUL INFORMATICA LTDA;78.931.474/0001-44
82016;01/08/2017;18;Informática - Administração e Operação em Processamento de Dados;Operação assistida de acordo com o Anexo I do Termo de Referência do edital;284,8;R$75.775,00;R$266,06;REDISUL INFORMATICA LTDA;78.931.474/0001-44
102013;05/11/2018;1;Serviços de Tecnologia da Informação e Apoio Técnico de Atividades de Informática;Contratação pelo Município de São Paulo, por intermédio da Secretaria Municipal de Finanças e Desenvolvimento Econômico, de fábrica de software para especificação de requisitos, análise, projeto, implementação, especificação de casos de teste, execução de testes funcionais e não funcionais, homologação e implantação de sistemas de informação e mapeamento de processos de negócio, observadas as disposições do Contrato a ser firmado com o Município de São Paulo. A quantidade é contada por pontos de função.;2100;R$1.451.259,60;R$691,08;CAST INFORMATICA S/A;03.143.181/0001-01
102013;28/10/2016;1;Serviços de Tecnologia da Informação e Apoio Técnico de Atividades de Informática;Contratação pelo Município de São Paulo, por intermédio da Secretaria Municipal de Finanças e Desenvolvimento Econômico, de fábrica de software para especificação de requisitos, análise, projeto, implementação, especificação de casos de teste, execução de testes funcionais e não funcionais, homologação e implantação de sistemas de informação e mapeamento de processos de negócio, observadas as disposições do Contrato a ser firmado com o Município de São Paulo. A quantidade é contada por pontos de função.;10000;R$6.059.900,00;R$605,99;CAST INFORMATICA S/A;03.143.181/0001-01
102013;09/10/2017;1;Serviços de Tecnologia da Informação e Apoio Técnico de Atividades de Informática;Contratação pelo Município de São Paulo, por intermédio da Secretaria Municipal de Finanças e Desenvolvimento Econômico, de fábrica de software para especificação de requisitos, análise, projeto, implementação, especificação de casos de teste, execução de testes funcionais e não funcionais, homologação e implantação de sistemas de informação e mapeamento de processos de negócio, observadas as disposições do Contrato a ser firmado com o Município de São Paulo. A quantidade é contada por pontos de função.;10000;R$6.613.168,87;R$661,32;CAST INFORMATICA S/A;03.143.181/0001-01
102013;07/11/2017;1;Serviços de Tecnologia da Informação e Apoio Técnico de Atividades de Informática;Contratação pelo Município de São Paulo, por intermédio da Secretaria Municipal de Finanças e Desenvolvimento Econômico, de fábrica de software para especificação de requisitos, análise, projeto, implementação, especificação de casos de teste, execução de testes funcionais e não funcionais, homologação e implantação de sistemas de informação e mapeamento de processos de negócio, observadas as disposições do Contrato a ser firmado com o Município de São Paulo. A quantidade é contada por pontos de função.;10000;R$6.613.168,87;R$661,32;CAST INFORMATICA S/A;03.143.181/0001-01
102016;30/08/2016;1;MOBILIÁRIO DE INFORMÁTICA;Aquisição de 10 (dez) Racks EIA 19 24u para implantação da estrutura dos switches de acesso, conforme descrito no Anexo I (Termo de Referência) do Edital SF/CPL 10/2016;10;R$47.800,00;R$4.780,00;FABRICIO SONCINI EQUIPAMENTOS DE INFORMATICA - ME;10.717.639/0001-46
112016;25/10/2016;1;Manutenção de Geladeiras e Bebedouros;Contratação de empresa especializada para prestar os serviços de manutenção corretiva e higienização, por chamado técnico, nos bebedouros de garrafão refrigerados pertencentes a esta Secretaria Municipal de Finanças e Desenvolvimento Econômico;65;R$11.846,16;R$182,25;S. B. TEIXEIRA COMERCIO DE AGUA - ME;10.498.230/0001-86
142016;22/09/2016;1;PROGRAMA ( SOFTWARE ) BANCO DE DADOS SQL SERVER;Software Assurance ? MS SQL Server Standard - Part Number 7NQ- 00301 Direito a novas versões dos produtos durante a vigência do contrato.;36;R$278.782,92;R$7.743,97; LANLINK SOLUCOES E COMERCIALIZACAO EM INFORMATICA S/A;19.877.285/0002-52
142016;22/09/2016;2;PROGRAMA ( SOFTWARE ) BANCO DE DADOS SQL SERVER;Software Assurance ? MS SQL Server Standard - Part Number 7NQ- 00301 Direito a novas versões dos produtos durante a vigência do contrato.;12;R$92.927,64;R$7.743,97; LANLINK SOLUCOES E COMERCIALIZACAO EM INFORMATICA S/A;19.877.285/0002-52
152016;28/11/2016;1;REFRIGERADOR DOMÉSTICO;Refrigerador com capacidade total mínima de 400 litros, modelo vertical com 2 portas, sistema de refrigeração tipo parede fria, dotado de no mínimo 3 prateleiras ajustáveis no corpo da geladeira, prateleiras na porta, gaveta multiuso e gavetão para frutas e/ou legumes, tecnologia frost free, na cor branca, doméstico, 127 V, que utilize fluído não prejudicial a camada de ozônio, selo PROCEL classe ´A´. A instalação deve fazer parte da entrega e o refrigerador deve vir com garantia de no mínimo 1 ano contra defeitos de fabricação.;27;R$65.199,87;R$2.414,81;FABRICIO SONCINI EQUIPAMENTOS DE INFORMATICA - ME;10.717.639/0001-46
152016;28/11/2016;2;TELEVISOR;"Televisor com tamanho da tela 60´ com especificações mínimas: led; full hd; com 4 entradas hdmi, entrada usb, com conversor integrado, bivolt, idiomas do menu: português; potência de aúdio: 2x10 w. Itens inclusos: tv led 60´; controle remoto; manual de instruções; embalagem com dados de identificação do produto e marca do fabricante. Com suporte para TV com as seguintes características: articulado, com mobilidade, pintura epóxi eletrostática preta fornecido com parafusos e buchas para fixação em parede. Peso sustentado: até 40 (quarenta) Kg. Local de instalação: parede. Fixação universal. A instalação deve fazer parte da entrega e a TV e suporte devem vir com garantia de no mínimo 1 ano contra defeitos de fabricação.";3;R$20.689,89;R$6.896,63;FABRICIO SONCINI EQUIPAMENTOS DE INFORMATICA - ME;10.717.639/0001-46
182016;28/11/2016;1;Transporte Rodoviário - Mobiliário/Materiais/Equipamentos/Bens Pessoais;Serviço de mudança de Equipamento de informática, conforme item 2.1.1 do Anexo I - Termo de Referência do Edital 18/2016;250;R$16.000,00;R$64,00;A. CENTRAL TRANSPORTES LTDA - ME;03.849.500/0001-90
182016;28/11/2016;2;Transporte Rodoviário - Mobiliário/Materiais/Equipamentos/Bens Pessoais;Serviço de mudança de Mobiliário do Almoxarifado (DILOG), conforme item 2.1.2 do Anexo I - Termo de Referência do Edital 18/2016;1;R$11.000,00;R$11.000,00;A. CENTRAL TRANSPORTES LTDA - ME;03.849.500/0001-90
182016;28/11/2016;3;Transporte Rodoviário - Mobiliário/Materiais/Equipamentos/Bens Pessoais;Serviço de mudança de Mobiliário da Mapoteca (DIMAP), conforme item 2.1.3 do Anexo I - Termo de Referência do Edital 18/2016;1;R$7.000,00;R$7.000,00;A. CENTRAL TRANSPORTES LTDA - ME;03.849.500/0001-90
182016;28/11/2016;4;Transporte Rodoviário - Mobiliário/Materiais/Equipamentos/Bens Pessoais;Serviço de mudança de Mobiliário e máquinas da digitalização (DICAM), conforme item 2.1.4 do Anexo I - Termo de Referência do Edital 18/2016;1;R$5.950,00;R$5.950,00;A. CENTRAL TRANSPORTES LTDA - ME;03.849.500/0001-90
182016;28/11/2016;5;Transporte Rodoviário - Mobiliário/Materiais/Equipamentos/Bens Pessoais;Serviço de mudança de Armários deslizantes (DIGEP), conforme item 2.1.5 do Anexo I - Termo de Referência do Edital 18/2016;1;R$9.900,00;R$9.900,00;A. CENTRAL TRANSPORTES LTDA - ME;03.849.500/0001-90
182016;28/11/2016;6;Transporte Rodoviário - Mobiliário/Materiais/Equipamentos/Bens Pessoais;Serviço de mudança de Expediente/Material de escritório, conforme item 2.1.6. do Anexo I - Termo de Referência do Edital 18/2016;450;R$19.998,00;R$44,44;A. CENTRAL TRANSPORTES LTDA - ME;03.849.500/0001-90
182016;14/09/2017;1;Transporte Rodoviário - Mobiliário/Materiais/Equipamentos/Bens Pessoais;Serviço de mudança de Equipamento de informática, conforme item 2.1.1 do Anexo I - Termo de Referência do Edital 18/2016;250;R$16.000,00;R$64,00;A. CENTRAL TRANSPORTES LTDA - ME;03.849.500/0001-90
182016;14/09/2017;2;Transporte Rodoviário - Mobiliário/Materiais/Equipamentos/Bens Pessoais;Serviço de mudança de Mobiliário do Almoxarifado (DILOG), conforme item 2.1.2 do Anexo I - Termo de Referência do Edital 18/2016;1;R$11.000,00;R$11.000,00;A. CENTRAL TRANSPORTES LTDA - ME;03.849.500/0001-90
182016;14/09/2017;3;Transporte Rodoviário - Mobiliário/Materiais/Equipamentos/Bens Pessoais;Serviço de mudança de Mobiliário da Mapoteca (DIMAP), conforme item 2.1.3 do Anexo I - Termo de Referência do Edital 18/2016;1;R$7.000,00;R$7.000,00;A. CENTRAL TRANSPORTES LTDA - ME;03.849.500/0001-90
182016;14/09/2017;4;Transporte Rodoviário - Mobiliário/Materiais/Equipamentos/Bens Pessoais;Serviço de mudança de Mobiliário e máquinas da digitalização (DICAM), conforme item 2.1.4 do Anexo I - Termo de Referência do Edital 18/2016;1;R$5.950,00;R$5.950,00;A. CENTRAL TRANSPORTES LTDA - ME;03.849.500/0001-90
182016;14/09/2017;5;Transporte Rodoviário - Mobiliário/Materiais/Equipamentos/Bens Pessoais;Serviço de mudança de Armários deslizantes (DIGEP), conforme item 2.1.5 do Anexo I - Termo de Referência do Edital 18/2016;1;R$9.900,00;R$9.900,00;A. CENTRAL TRANSPORTES LTDA - ME;03.849.500/0001-90
182016;14/09/2017;6;Transporte Rodoviário - Mobiliário/Materiais/Equipamentos/Bens Pessoais;Serviço de mudança de Expediente/Material de escritório, conforme item 2.1.6. do Anexo I - Termo de Referência do Edital 18/2016;450;R$19.998,00;R$44,44;A. CENTRAL TRANSPORTES LTDA - ME;03.849.500/0001-90
182016;20/04/2018;1;Transporte Rodoviário - Mobiliário/Materiais/Equipamentos/Bens Pessoais;Serviço de mudança de Equipamento de informática, conforme item 2.1.1 do Anexo I - Termo de Referência do Edital 18/2016;250;R$16.000,00;R$64,00;A. CENTRAL TRANSPORTES LTDA - ME;03.849.500/0001-90
182016;20/04/2018;2;Transporte Rodoviário - Mobiliário/Materiais/Equipamentos/Bens Pessoais;Serviço de mudança de Mobiliário do Almoxarifado (DILOG), conforme item 2.1.2 do Anexo I - Termo de Referência do Edital 18/2016;1;R$11.000,00;R$11.000,00;A. CENTRAL TRANSPORTES LTDA - ME;03.849.500/0001-90
182016;20/04/2018;3;Transporte Rodoviário - Mobiliário/Materiais/Equipamentos/Bens Pessoais;Serviço de mudança de Mobiliário da Mapoteca (DIMAP), conforme item 2.1.3 do Anexo I - Termo de Referência do Edital 18/2016;1;R$7.000,00;R$7.000,00;A. CENTRAL TRANSPORTES LTDA - ME;03.849.500/0001-90
182016;20/04/2018;4;Transporte Rodoviário - Mobiliário/Materiais/Equipamentos/Bens Pessoais;Serviço de mudança de Mobiliário e máquinas da digitalização (DICAM), conforme item 2.1.4 do Anexo I - Termo de Referência do Edital 18/2016;1;R$5.950,00;R$5.950,00;A. CENTRAL TRANSPORTES LTDA - ME;03.849.500/0001-90
182016;20/04/2018;5;Transporte Rodoviário - Mobiliário/Materiais/Equipamentos/Bens Pessoais;Serviço de mudança de Armários deslizantes (DIGEP), conforme item 2.1.5 do Anexo I - Termo de Referência do Edital 18/2016;1;R$9.900,00;R$9.900,00;A. CENTRAL TRANSPORTES LTDA - ME;03.849.500/0001-90
182016;20/04/2018;6;Transporte Rodoviário - Mobiliário/Materiais/Equipamentos/Bens Pessoais;Serviço de mudança de Expediente/Material de escritório, conforme item 2.1.6. do Anexo I - Termo de Referência do Edital 18/2016;450;R$19.998,00;R$44,44;A. CENTRAL TRANSPORTES LTDA - ME;03.849.500/0001-90
202015;10/06/2016;1;Serviço Especializado de Limpeza;"Contratação de empresa especializada na prestação de serviço de limpeza, conservação, dedetização/desinsetização, desratização e copeiragem com fornecimento de mão-de-obra, saneantes domissanitários, incluindo o fornecimento de papel higiênico, papel toalha e sabonete líquido para as mãos, materiais e equipamentos, visando à obtenção de adequadas condições de salubridade e higiene, sob inteira responsabilidade da contratada, em locais determinados na relação de endereços constantes do Anexo I do Edital SF/CPL nº 20/2015.
Áreas internas - pisos frios 17.164 m²
Áreas internas - sem revestimento/ contra piso 434 m²
Vidros externos - frequência trimestral (com exposição a risco) 1.978 m²
Dedetização/Desratização 17.598 m²
Serviços de copeiragem (hora/mês) 704 m²";12;R$1.838.528,34;R$153.210,70;PAINEIRAS LIMPEZA E SERVICOS GERAIS LTDA;55.905.350/0001-99
202015;26/08/2016;1;Serviço Especializado de Limpeza;Contratação de empresa especializada na prestação de serviço de limpeza, conservação, dedetização/desinsetização, desratização e copeiragem com fornecimento de mão-de-obra, saneantes domissanitários, incluindo o fornecimento de papel higiênico, papel toalha e sabonete líquido para as mãos, materiais e equipamentos, visando à obtenção de adequadas condições de salubridade e higiene, sob inteira responsabilidade da contratada, em locais determinados na relação de endereços constantes do Anexo I do Edital SF/CPL nº 20/2015.;12;R$1.826.670,84;R$152.222,57;PAINEIRAS LIMPEZA E SERVICOS GERAIS LTDA;55.905.350/0001-99
202015;28/06/2017;1;Serviço Especializado de Limpeza;"Contratação de empresa especializada na prestação de serviço de limpeza, conservação, dedetização/desinsetização, desratização e copeiragem com fornecimento de mão-de-obra, saneantes domissanitários, incluindo o fornecimento de papel higiênico, papel toalha e sabonete líquido para as mãos, materiais e equipamentos, visando à obtenção de adequadas condições de salubridade e higiene, sob inteira responsabilidade da contratada, em locais determinados na relação de endereços constantes do Anexo I do Edital SF/CPL nº 20/2015.
Áreas internas - pisos frios 15.758,05 m²
Áreas internas - sem revestimento/ contra piso 434 m²
Vidros externos - frequência trimestral (com exposição a risco) 1.816,70 m²
Dedetização/Desratização 16.192,05 m²
Serviços de copeiragem (hora/mês) 704 m²";12;R$1.812.041,13;R$151.003,43;PAINEIRAS LIMPEZA E SERVICOS GERAIS LTDA;55.905.350/0001-99
202015;22/08/2017;1;Serviço Especializado de Limpeza;"Contratação de empresa especializada na prestação de serviço de limpeza, conservação, dedetização/desinsetização, desratização e copeiragem com fornecimento de mão-de-obra, saneantes domissanitários, incluindo o fornecimento de papel higiênico, papel toalha e sabonete líquido para as mãos, materiais e equipamentos, visando à obtenção de adequadas condições de salubridade e higiene, sob inteira responsabilidade da contratada, em locais determinados na relação de endereços constantes do Anexo I do Edital SF/CPL nº 20/2015.
Áreas internas - pisos frios 15.109,30 m²
Áreas internas - sem revestimento/ contra piso 434 m²
Vidros externos - frequência trimestral (com exposição a risco) 1.719,90 m²
Dedetização/Desratização 15.543,30 m²
Serviços de copeiragem (hora/mês) 704 m²";12;R$1.687.449,43;R$140.620,79;PAINEIRAS LIMPEZA E SERVICOS GERAIS LTDA;55.905.350/0001-99
202015;30/10/2017;1;Serviço Especializado de Limpeza;"Contratação de empresa especializada na prestação de serviço de limpeza, conservação, dedetização/desinsetização, desratização e copeiragem com fornecimento de mão-de-obra, saneantes domissanitários, incluindo o fornecimento de papel higiênico, papel toalha e sabonete líquido para as mãos, materiais e equipamentos, visando à obtenção de adequadas condições de salubridade e higiene, sob inteira responsabilidade da contratada, em locais determinados na relação de endereços constantes do Anexo I do Edital SF/CPL nº 20/2015.
Áreas internas - pisos frios 15.109,30 m²
Áreas internas - sem revestimento/ contra piso 434 m²
Vidros externos - frequência trimestral (com exposição a risco) 1.719,90 m²
Dedetização/Desratização 15.543,30 m²
Serviços de copeiragem (hora/mês) 704 m²";12;R$1.687.449,43;R$140.620,79;PAINEIRAS LIMPEZA E SERVICOS GERAIS LTDA;55.905.350/0001-99
222012;14/03/2017;1;Manutenção / Instalação / Montagem / Ampliação - Equipamentos de Telecomunicações;Contratação de empresa para prestação de serviços de assistência técnica, manutenção mensal preventiva e corretiva com o fornecimento de peças em Sistemas de Telefonia, marca Monytel, modelo COMPACT 400, conforme descrito no Anexo I do Edital SF/CPL 22/2012. O total de ramais analógicos passa de 395 (trezentos e noventa e cinco) para 198 (cento e noventa e oito) e o Índice Inicial (Io) para fins de concessão de reajuste de preço passa a ser março de 2016, conforme Ata de Reunião à fl. 504, parte integrante deste.;12;R$8.970,00;R$747,50;RODRIGUES CRUZ TELECOMUNICACAO & ELETRICIDADE LTDA - EP;61.836.565/0001-06
222012;21/06/2017;1;Manutenção / Instalação / Montagem / Ampliação - Equipamentos de Telecomunicações;"Contratação de empresa para prestação de serviços de assistência técnica, manutenção mensal preventiva e corretiva com o fornecimento de peças em Sistemas de Telefonia, marca Monytel, modelo COMPACT 400, conforme descrito no Anexo I do Edital SF/CPL 22/2012. 
1. O valor mensal da contratação terá um desconto de 5% (cinco por cento), concedido pela contratada a partir de 31 de março de 2017, conforme Ata de Renegociação no documento SEI nº 3229680 e passará a ter o valor de R$ 710,13 (setecentos e dez reais e treze centavos).
2. O valor total anual da contratação no período de 15/03/2017 a 14/03/18 passa a ser de R$ 8.541,49 (oito mil, quinhentos e quarenta e um reais e quarenta e nove centavos), onerando a dotação orçamentária 17.10.04.122.3024.2.100.3.3.90.39.00.00.";12;R$8.541,49;R$711,79;RODRIGUES CRUZ TELECOMUNICACAO & ELETRICIDADE LTDA - EP;61.836.565/0001-06
232015;04/09/2015;1;Instalação / Montagem / Manutenção - Equipamentos Elétricos;Prestação de serviços de assistência técnica, manutenção preventiva e corretiva no sistema, de telefonia de propriedade da Contratante, equipado com ramais analógicos e digitais, troncos analógicos e digitais, aparelhos telefônicos digitais e mesas operadoras, instalados na Rua Pedro Américo, n¨ 32, em diversos andares, conforme descrito no Anexo I (Termo de referência) do Edital SF/CPL 23/2015;12;R$29.400,00;R$2.450,00;RODRIGUES CRUZ TELECOMUNICACAO & ELETRICIDADE LTDA - EP;61.836.565/0001-06
232015;30/05/2016;1;Instalação / Montagem / Manutenção - Equipamentos Elétricos;Prestação de serviços de assistência técnica, manutenção preventiva e corretiva no sistema, de telefonia de propriedade da Contratante, equipado com ramais analógicos e digitais, troncos analógicos e digitais, aparelhos telefônicos digitais e mesas operadoras, instalados na Rua Pedro Américo, nº 32, em diversos andares, conforme descrito no Anexo I (Termo de referência) do Edital SF/CPL 23/2015. O valor total da contratação passa de R$ 29.400,00 (vinte e nove mil e quatrocentos reais), para R$ 28.008,40 (vinte e oito mil e oito reais e quarenta centavos), onerando a dotação orçamentária 17.10.04.122.3024.2.100.3.3.90.39.00.00.3.;12;R$28.008,40;R$2.334,03;RODRIGUES CRUZ TELECOMUNICACAO & ELETRICIDADE LTDA - EP;61.836.565/0001-06
232015;30/09/2016;1;Instalação / Montagem / Manutenção - Equipamentos Elétricos;Prestação de serviços de assistência técnica, manutenção preventiva e corretiva no sistema, de telefonia de propriedade da Contratante, equipado com ramais analógicos e digitais, troncos analógicos e digitais, aparelhos telefônicos digitais e mesas operadoras, instalados na Rua Pedro Américo, n¨ 32, em diversos andares, conforme descrito no Anexo I (Termo de referência) do Edital SF/CPL 23/2015. AUTORIZO , a prorrogação do prazo de vigência do Contrato SF nº 47/2015 (doc 0969954), conforme doc 1143696, celebrado entre esta Secretaria e a empresa RODRIGUES CRUZ TELECOMUNICAÇÃO & ELETRICIDADE LTDA-EPP , CNPJ 61.836.565/0001-06, por mais 12 (doze) meses ou até a mudança para o Edificio Othon, o que ocorrer primeiro, pelo preço anual estimado de R$ 26.236,56 (vinte e seis mil, duzentos e trinta e seis reais e cinquenta e seis centavos) e mensal estimado de R$ 2.186,38 (dois mil, cento e oitenta e seis reais e trinta e oito centavos), formalizando-se o aditamento nos termos da minuta de doc 1143813, preparada pela DICOM, que aprovo desde que corrigido o item 1 para acrescentar ou até a mudança para o edifício Othon, o que ocorrer primeiro;12;R$26.236,56;R$2.186,38;RODRIGUES CRUZ TELECOMUNICACAO & ELETRICIDADE LTDA - EP;61.836.565/0001-06
232015;21/06/2017;1;Instalação / Montagem / Manutenção - Equipamentos Elétricos;"Prestação de serviços de assistência técnica, manutenção preventiva e corretiva no sistema, de telefonia de propriedade da Contratante, equipado com ramais analógicos e digitais, troncos analógicos e digitais, aparelhos telefônicos digitais e mesas operadoras, instalados na Rua Pedro Américo, n¨ 32, em diversos andares, conforme descrito no Anexo I (Termo de referência) do Edital SF/CPL 23/2015.   1. O valor mensal da contratação terá um desconto de 10% (dez por cento), concedido pela contratada a partir de 31 de março de 2017 e passará a ter o valor de R$ 1.967,74 (mil novecentos e sessenta e sete reais e setenta e quatro centavos).
2. O valor total da contratação passa a ser de R$24.910,14 (vinte e quatro mil e novecentos e dez reais e quatorze centavos), onerando a dotação orçamentária 17.1 0.04.122.3024.2.100.3.3.90.39.00.00";12;R$24.910,14;R$2.075,85;RODRIGUES CRUZ TELECOMUNICACAO & ELETRICIDADE LTDA - EP;61.836.565/0001-06
232015;25/09/2017;1;Instalação / Montagem / Manutenção - Equipamentos Elétricos;"Prestação de serviços de assistência técnica, manutenção preventiva e corretiva no sistema, de telefonia de propriedade da Contratante, equipado com ramais analógicos e digitais, troncos analógicos e digitais, aparelhos telefônicos digitais e mesas operadoras, instalados na Rua Pedro Américo, n¨ 32, em diversos andares, conforme descrito no Anexo I (Termo de referência) do Edital SF/CPL 23/2015.     1. A partir de 04/08/2017 a razão social da contratada passa de RODRIGUES CRUZ TELECOMUNICAÇÃO & ELETRICIDADE LTDA  EPP para RODRIGUES CRUZ TELECOMUNICAÇÃO & ELETRICIDADE EIRELI  EPP.
2. A partir de 02/10/2017, o Contrato SF nº 47/2015 fica prorrogado por mais 12 (doze) meses, ou até a mudança para o Edifício Othon o que ocorrer primeiro e reajustado em 4,5% (quatro virgula cinco por cento), passando o valor mensal estimado para R$ 2.056,29 (dois mil cinquenta e seis reais e vinte e nove centavos) e o valor anual para R$ 24.675,48 (vinte e quatro mil seiscentos e setenta e cinco reais e quarenta e oito centavos).";12;R$24.675,48;R$2.056,29;RODRIGUES CRUZ TELECOMUNICACAO & ELETRICIDADE LTDA - EP;61.836.565/0001-06
282015;03/03/2017;1;Manutenção / Instalação - No Break;Contratação de Serviços de manutenção Preventiva e corretiva trimestral, incluindo fornecimento e troca de peças em um (01) NO BREAK ? PROCESSPOWER ? SISTEMAS DE ALIMENTAÇÃO ININTERRUPTA - MARCA: Accion Power Monofásico - Potência: 5 KVA Entrada: 208, 380, 415, 480: 3 fases / 3 fios. Saída: 110, 120, 220, 240, VCC. Frequência: 50 ou 60 HZ +/- 5%. Conforme descrito no anexo I do Edital.;12;R$9.882,00;R$823,50;ENGEVISA SERVICOS DE ENGENHARIA LTDA - EPP;19.964.929/0001-69
282015;07/03/2018;1;Manutenção / Instalação - No Break;Contratação de Serviços de manutenção Preventiva e corretiva trimestral, incluindo fornecimento e troca de peças em um (01) NO BREAK ? PROCESSPOWER ? SISTEMAS DE ALIMENTAÇÃO ININTERRUPTA - MARCA: Accion Power Monofásico - Potência: 5 KVA Entrada: 208, 380, 415, 480: 3 fases / 3 fios. Saída: 110, 120, 220, 240, VCC. Frequência: 50 ou 60 HZ +/- 5%. Conforme descrito no anexo I do Edital.;12;R$9.882,00;R$823,50;ENGEVISA SERVICOS DE ENGENHARIA LTDA - EPP;19.964.929/0001-69
